Hard Skill,ID List,Occurrences,Nombre
call center,"['8AF5D0A8C70DE39F61373E686DCF3405', 'B9C2AEE822A2499861373E686DCF3405', '8C2A74283BBC1A2C61373E686DCF3405', '4855B3611440BC6061373E686DCF3405', 'FE7E9CDF4539666E61373E686DCF3405', 'B93FA4D41FFF768261373E686DCF3405', '74DB5304C768240F61373E686DCF3405', 'C1DBDCBAC7CE072261373E686DCF3405', 'F4E4FF4435711A6B61373E686DCF3405', 'B3E851800E816FF561373E686DCF3405', '10687F5116124BB861373E686DCF3405', '0024CA0D7FEF387961373E686DCF3405', '7ECFECDB38B0E74A61373E686DCF3405', 'B9106BDDC2F85E1B61373E686DCF3405', '1CDEB5F447EAB98D61373E686DCF3405', '53F07E47ED19260F61373E686DCF3405', 'A96DAA72A1134CDE61373E686DCF3405', 'B78BC1E01D844CC761373E686DCF3405', 'C4AF13EB95F4B33361373E686DCF3405', 'DCA065DCA9475ED161373E686DCF3405', '649CE473630DDF8E61373E686DCF3405', '05D7975BC917876B61373E686DCF3405', 'A565381046A0CFEB61373E686DCF3405', 'ABD81C570B6C092261373E686DCF3405', 'A95657781ED4368761373E686DCF3405', 'EE53F5E10C1AC89561373E686DCF3405', '033047C7EE2686F461373E686DCF3405', '3D67728F39E7AE4461373E686DCF3405', '885A46BD902DE8C461373E686DCF3405', '974B25685521F9A661373E686DCF3405', 'FAB4FDF75EABCAC061373E686DCF3405', 'FDE3744F8EE4911E61373E686DCF3405', 'EB65C2A40F41DF3E61373E686DCF3405', '2DCBD52C8F9891FF61373E686DCF3405', '070125E878638AF361373E686DCF3405', 'AE1580AB9B0F777461373E686DCF3405', '6EA012ADBFACA0AB61373E686DCF3405', 'FCD58D48157BABA661373E686DCF3405', 'E0872998FB1CEE1F61373E686DCF3405', '6D811FFD4D836A9F61373E686DCF3405', '56A9EC75CD43905661373E686DCF3405', '8298F8DF3F9D7E1461373E686DCF3405', 'A09BEFBC49F28C8361373E686DCF3405', '11F0CCB3CEBDEAE661373E686DCF3405', 'BA67D6317C689F0661373E686DCF3405']",45,Call Center
calidad,"['8AF5D0A8C70DE39F61373E686DCF3405', 'B9C2AEE822A2499861373E686DCF3405', '5C2C60975C138E3561373E686DCF3405', 'AE9DD2E09008C94C61373E686DCF3405', '1F0F9B59449A029A61373E686DCF3405', '50272C0C9EC8A8F761373E686DCF3405', 'C845B717DEB8AD8061373E686DCF3405', 'FCD69D0B06E7244661373E686DCF3405', '2CB718B937AE4BC761373E686DCF3405', '3CC96904E40B2A5F61373E686DCF3405', '38008DE008CDFB0E61373E686DCF3405', '17C51503D15C5D3761373E686DCF3405', '7F8E2D93EF4252DE61373E686DCF3405', '0183134624E3212661373E686DCF3405', '2E5B3EA034EFE3D661373E686DCF3405', 'DC6E6002DE2A59D561373E686DCF3405', '25EA5C85E294C45D61373E686DCF3405', '7771562CB7BA50B261373E686DCF3405', '8FE8BBE69A5E0A3D61373E686DCF3405', '96C36171EFE7C44F61373E686DCF3405', '7534C116959008F161373E686DCF3405', '4F498D74F8682AC361373E686DCF3405', 'F2A5E7D6924C65B061373E686DCF3405', 'E0EABB81EBA54DC961373E686DCF3405', 'B4FCE7AA1171929861373E686DCF3405', 'C9151BCFE28281F661373E686DCF3405', '34F3831D1A9CD45661373E686DCF3405', '034542DCFA1BD92861373E686DCF3405', '24C6EDEEE60392CD61373E686DCF3405', '16A59FCE3EF81B6961373E686DCF3405', '9DB23832B044663661373E686DCF3405', '141ACD2B2FD5DC7C61373E686DCF3405', 'EB20FF22DCF721DD61373E686DCF3405', 'B2700C5CBCA530D361373E686DCF3405', '69F4761DF8EF7D8561373E686DCF3405', 'DB8F815572DFA01761373E686DCF3405', '61B3AC3092E94BF661373E686DCF3405', '530AA24C0BD3FCA061373E686DCF3405', 'C1A95F71CE5D8A9161373E686DCF3405', '27EE668283E8ABDE61373E686DCF3405', '8F6B72CAD1CCD97661373E686DCF3405', '33594F768864E15E61373E686DCF3405', 'FC2DDB61308D3E6161373E686DCF3405', '9304BEDBBCE81B3861373E686DCF3405', '67824102D3BF9C1961373E686DCF3405', 'D007E545EFF1C29961373E686DCF3405', '738F583F816CF1D161373E686DCF3405', 'DFAA78586C82FECE61373E686DCF3405', 'B82FA028EE70501561373E686DCF3405', '94E04D3A2346144C61373E686DCF3405', 'FC63D60B9534632A61373E686DCF3405', 'D05233B78827FD9361373E686DCF3405', '234D7A4694AA75B361373E686DCF3405', 'AE1F8C44B5AA10D961373E686DCF3405', '9EFB1D7623BDB62A61373E686DCF3405', 'C7D22942753BDD1461373E686DCF3405', 'B5D0024CCA281C8561373E686DCF3405', '3D83F034E9701C0B61373E686DCF3405', 'E2FB1AD131A144DF61373E686DCF3405', '27DB05A8F1135BC261373E686DCF3405', '1FB19F6D6E33198561373E686DCF3405', 'F1B39C83BE2399D261373E686DCF3405', '120BCFCE01D8E5F861373E686DCF3405', 'C099E22B8D567B0F61373E686DCF3405', 'EBE7310965E0DAF861373E686DCF3405', 'F5BF20987C2F9C7761373E686DCF3405', '70BA333CE9DB1E8C61373E686DCF3405', 'DE9E78E94823CC0261373E686DCF3405', '53852D1861C7E33661373E686DCF3405', '32720E6D705AFBE661373E686DCF3405', 'B9ED9A253308BC1E61373E686DCF3405', '0130E03E3121E39F61373E686DCF3405', '7B3DB5CDD49B7AAB61373E686DCF3405', '71DA6DD85488FF6E61373E686DCF3405', '87C99CB3120055F061373E686DCF3405', 'FAAE6566FA123BFD61373E686DCF3405', '6BBF335BFC428AC761373E686DCF3405', '3A68E0CCDF5B041861373E686DCF3405', '17AD9B4CA6426FD261373E686DCF3405', 'BF1008DE60DEB57A61373E686DCF3405', '6106D9B9743124BD61373E686DCF3405', 'F9C01B32D50E30A861373E686DCF3405', '1F759746E78B9B5B61373E686DCF3405', 'C3603B6A572351D861373E686DCF3405', 'DCAD592965A94BF061373E686DCF3405', 'A0AEEED1BF81064B61373E686DCF3405', '8CD3C27E50E990AC61373E686DCF3405', '3D43C942945A4BC461373E686DCF3405', '7D621BE08E4FEDDA61373E686DCF3405', 'DB7A53C14F97B84061373E686DCF3405', '4DF7E3CCA14D4A8D61373E686DCF3405', 'B772C009ED9B813861373E686DCF3405', '973E85EF6802F8FE61373E686DCF3405', '3B4DA50E2403F7F661373E686DCF3405', '6CB048FC974390CA61373E686DCF3405', 'AE9DEDC6BD54E02961373E686DCF3405', '9893D5A46685E41761373E686DCF3405', '59ACA6DE41FBA12E61373E686DCF3405', '99FFD93C2708418061373E686DCF3405', 'D8BE5B73EAA6793C61373E686DCF3405', '095C2B854D09C0A061373E686DCF3405', '05D97748CF75AF2F61373E686DCF3405', '5E5E721ACF20E58E61373E686DCF3405', 'EB526D0BEECA107561373E686DCF3405', 'FB55A77C424872C461373E686DCF3405', '95AA12B3B5A7BF7261373E686DCF3405', '72C1255F4724C83A61373E686DCF3405', '7B6865250301B3B661373E686DCF3405', '32E3D8AD26E5483161373E686DCF3405', '6810E8DBCE4B2F0C61373E686DCF3405', 'CD5F0A21DB985FFC61373E686DCF3405', 'CB4220CD8965B3C461373E686DCF3405', '882F29C697AE975861373E686DCF3405', 'D85EF11F5A5926B261373E686DCF3405', '6F0C7AB97FFCCB0861373E686DCF3405', 'F16C7D8E0EAD868A61373E686DCF3405', '52716471CD8115D361373E686DCF3405', '278B9B891C8D59A061373E686DCF3405', 'E8DB1A97BCFE6E2161373E686DCF3405', 'F9A0137E0770E32061373E686DCF3405', '38DDDC9B4147022261373E686DCF3405', '1EA23FEE9CCE8AE661373E686DCF3405', 'A5269E0E90E29A2561373E686DCF3405', 'BB6E98612FAB387361373E686DCF3405', 'D66DB75A87E6208261373E686DCF3405', '444322612733A5CE61373E686DCF3405', 'C28764BC1F75434061373E686DCF3405', '056FA56B228E562661373E686DCF3405', '0099B5C27B6B492C61373E686DCF3405', 'A0C8352B8B091C2861373E686DCF3405', '16DA5BF639B31CDA61373E686DCF3405', '7CCA6D5E1B69731F61373E686DCF3405', '14FAA3B69067695B61373E686DCF3405', '55E07AD68936629761373E686DCF3405', '761E9273972FFC0E61373E686DCF3405', '412EF185DA113F2161373E686DCF3405', 'E36F2F68B6DD93AE61373E686DCF3405', '6FD6895F23AB2D8961373E686DCF3405', '338048A82351CE5A61373E686DCF3405', '4EE4F0E445B1487E61373E686DCF3405']",140,Calidad/QA
reporte,"['8AF5D0A8C70DE39F61373E686DCF3405', 'B9C2AEE822A2499861373E686DCF3405', '4C60B3E55DD7BE3C61373E686DCF3405', '517E8127B413B7DC61373E686DCF3405', '47B2C4FE86E4FBD061373E686DCF3405', '024A33B495B77EFA61373E686DCF3405', '4C92856BAA6AE66B61373E686DCF3405', '8467AF1E202B8C6F61373E686DCF3405', '8A2ECFF9A66FC66661373E686DCF3405', '16958FACA18EC45061373E686DCF3405', 'A11EF77278CC0EE761373E686DCF3405', '980E167DB3308BAC61373E686DCF3405', '743E972E55B6C07F61373E686DCF3405', '21C1C138A295D0B761373E686DCF3405', '320B204A3F8FD34161373E686DCF3405', '4132B115E556543D61373E686DCF3405', 'AE389B129242AF6B61373E686DCF3405', '9310C9A44984E9D161373E686DCF3405', '52ED1BBBA0DE9B3961373E686DCF3405', '74E5681CD6FCF88061373E686DCF3405', 'FFB5F1E6CA02340761373E686DCF3405', '76EA2089B308056161373E686DCF3405', 'E2C15705019AFDC861373E686DCF3405', 'AB106DCC3E4C071E61373E686DCF3405', '9367BBED626CE56B61373E686DCF3405']",25,Reporte
ventas,"['8AF5D0A8C70DE39F61373E686DCF3405', 'B9C2AEE822A2499861373E686DCF3405', 'B32A7E60643CD5C661373E686DCF3405', '7CA219893A282DF861373E686DCF3405', '75228A69110B3DC561373E686DCF3405', '5C2C60975C138E3561373E686DCF3405', '94C2272294CD2DA561373E686DCF3405', '42142F01C6A5722F61373E686DCF3405', 'AE9DD2E09008C94C61373E686DCF3405', '837ABDB41E7BD95A61373E686DCF3405', '1A32FB10A009D98D61373E686DCF3405', 'B092064BA74CD61F61373E686DCF3405', 'A14571058A77AC9F61373E686DCF3405', '46919FC2BCFEE9B761373E686DCF3405', 'FF902A8A35AD899261373E686DCF3405', 'C497C85BFF263FD961373E686DCF3405', '37009A34FE25F41D61373E686DCF3405', '4C60B3E55DD7BE3C61373E686DCF3405', 'DC3AB3109A463B2061373E686DCF3405', '818C97B93A5D8A3161373E686DCF3405', 'CF55FD31D4D3153D61373E686DCF3405', '2F4172852F3EDE2361373E686DCF3405', '970CC2FDB44A995161373E686DCF3405', 'F2F6BF1DD71E3E2361373E686DCF3405', '06B28B3E77663C4B61373E686DCF3405', 'D0580CF68EF948E561373E686DCF3405', '61F3CF3C08D64C5361373E686DCF3405', 'C22BCA20B1159E4D61373E686DCF3405', '6223695547BD115861373E686DCF3405', '57956B753A1FAFA161373E686DCF3405', '8388146EA52EB4EE61373E686DCF3405', 'B8E8C499D8999F3761373E686DCF3405', 'D4DE560E56A9EFD661373E686DCF3405', '517E8127B413B7DC61373E686DCF3405', '50272C0C9EC8A8F761373E686DCF3405', 'FCD69D0B06E7244661373E686DCF3405', 'BFDBBB3AFE6C3C2461373E686DCF3405', '393A0C788E78E14861373E686DCF3405', '4CC732E686B557B061373E686DCF3405', 'E92564043CDB9DB861373E686DCF3405', '7B7A09AFDFB0094A61373E686DCF3405', '9BCD9488FE98E62661373E686DCF3405', '4008DFEFA00474AC61373E686DCF3405', '166360BAF896FDD661373E686DCF3405', '4E8FC251A53D6E5861373E686DCF3405', '47B2C4FE86E4FBD061373E686DCF3405', '69A160CA66A2B61261373E686DCF3405', '4D08FD9D214A10A361373E686DCF3405', 'D7F6D5D79822E24061373E686DCF3405', '88AD9B8F083938B161373E686DCF3405', 'FD738FF0AC20E20161373E686DCF3405', '4D92DB9EF291DC9761373E686DCF3405', '0259BB9B20E7AFF561373E686DCF3405', '27B23D6C97D60A1361373E686DCF3405', '1141FE8C808B893861373E686DCF3405', 'C48A5BAF5445502F61373E686DCF3405', '16E0AB7C8317368A61373E686DCF3405', 'D81B5328109A62E861373E686DCF3405', '64D03A8FC5BB220861373E686DCF3405', 'F1DBEB5187E714EB61373E686DCF3405', '23E54ABC0135C83C61373E686DCF3405', '28676C3ACE8A454361373E686DCF3405', '7BE3A8F8906ECE5861373E686DCF3405', '24C6EDEEE60392CD61373E686DCF3405', 'FB17E01EE0BBF69D61373E686DCF3405', '0C816E4FC53E66B961373E686DCF3405', 'BACE2474393B042261373E686DCF3405', 'B72659D76EC6BB6C61373E686DCF3405', 'BC839942DB8DFC1761373E686DCF3405', '432B2728FBA7DA9E61373E686DCF3405', '3C77FA227B5CCC5661373E686DCF3405', '74DB5304C768240F61373E686DCF3405', '33F5C071C345903361373E686DCF3405', '99EB796651C3AF2C61373E686DCF3405', 'F6843CF9E294E26161373E686DCF3405', 'B0AB538ED16746B061373E686DCF3405', 'B79958E9548DB52D61373E686DCF3405', '7A2950532EC1EA7361373E686DCF3405', '345317D8BED1B41661373E686DCF3405', '2E4D22119F27E64761373E686DCF3405', '8BFEF7C7574F5E6D61373E686DCF3405', '459700F6420E28D661373E686DCF3405', '1F4BEBEB686A2CA061373E686DCF3405', 'FF3ED65E4788902361373E686DCF3405', 'FB5186E219327D6061373E686DCF3405', 'C43EC55D8F27E8EF61373E686DCF3405', '433AFB880164FE1C61373E686DCF3405', '553DCEC8A440926C61373E686DCF3405', 'DEEF37B4958F62CE61373E686DCF3405', 'A8AF8E2D7D2AD8FD61373E686DCF3405', 'C491BF39A2AB8EB561373E686DCF3405', '5CF4AA841A9C894061373E686DCF3405', '9A2884857D71AADB61373E686DCF3405', 'CCA2967DE1E1964561373E686DCF3405', '130AEFE1EFC1730E61373E686DCF3405', 'DE95A30733A35BE861373E686DCF3405', '141ACD2B2FD5DC7C61373E686DCF3405', '295D43AC1BE3FD2561373E686DCF3405', 'BAA1997E9AFBC74461373E686DCF3405', 'C6BEA0E49A65864661373E686DCF3405', '9C4825929DAD060C61373E686DCF3405', '9DE7E7CBB9E47D8F61373E686DCF3405', 'A7702E56D9EBE4C561373E686DCF3405', 'E3F379C0E786BC7661373E686DCF3405', '0024CA0D7FEF387961373E686DCF3405', '9CDB72CC49A5034C61373E686DCF3405', '214095D4CC18FDF061373E686DCF3405', '85A126C07B72230761373E686DCF3405', '8EE8880D41AC71E961373E686DCF3405', 'DB8F815572DFA01761373E686DCF3405', '9C6EF7552B5EF1FE61373E686DCF3405', '6F1CD44C8E27B49861373E686DCF3405', '1060611B270F1F1461373E686DCF3405', '18C23EA28008D13861373E686DCF3405', '8770978B2DB903A961373E686DCF3405', '972FA03B16E9DCAC61373E686DCF3405', '09E8E9D82AC0F5A261373E686DCF3405', '7619C5BF62EFDB2261373E686DCF3405', '097E936DC516649A61373E686DCF3405', '82EFD6CCD2475B6F61373E686DCF3405', '248AF1A00C46AB7C61373E686DCF3405', '530AA24C0BD3FCA061373E686DCF3405', '59FFFB173C751C1961373E686DCF3405', '6E72654FAA89A4EC61373E686DCF3405', 'C30A25115AAA524461373E686DCF3405', '46463CBF25EC267B61373E686DCF3405', 'D8045A5D50E3004A61373E686DCF3405', '74BFA0B0D30B29C361373E686DCF3405', 'F7CE6C60D320949961373E686DCF3405', 'C8F41CC6C831B90F61373E686DCF3405', '8EA1981CDC30C5F961373E686DCF3405', '2AEC5D68BF70ECB361373E686DCF3405', 'DCA362297338350B61373E686DCF3405', '170A6D90836CAD2F61373E686DCF3405', '67CE4D542045A7D061373E686DCF3405', '47E212594A9395C661373E686DCF3405', '0B7881368B37978961373E686DCF3405', '89EAA06B226EF16261373E686DCF3405', '6F4E4BB194FFFDCA61373E686DCF3405', '623640540EFF649C61373E686DCF3405', '53F07E47ED19260F61373E686DCF3405', 'D007E545EFF1C29961373E686DCF3405', '922BCF9344570B4261373E686DCF3405', '374B95BA33B3A1A161373E686DCF3405', '4BA527121E037E5661373E686DCF3405', '0F8CB7C2BE73C5B561373E686DCF3405', '0A9BD94D7856D32361373E686DCF3405', '3AC40442AF5BBB9F61373E686DCF3405', '0BE06476231B538B61373E686DCF3405', 'B4499C8574C8AEFC61373E686DCF3405', 'A678F2E2A1F1677F61373E686DCF3405', '434C70F53E30DBEA61373E686DCF3405', 'BC1C96DCA085C6C761373E686DCF3405', 'FBD02BEE21F0EF0061373E686DCF3405', '38F682BFE720ACB061373E686DCF3405', '24D380B0AC9D6D6961373E686DCF3405', 'B5B3500B9520F05861373E686DCF3405', 'F2E38BEDBD8FCFC661373E686DCF3405', '2C4D285ECC44BE4461373E686DCF3405', 'A96DAA72A1134CDE61373E686DCF3405', '9C634C3A6CFA4CE561373E686DCF3405', '00C6CD0BF1D4D1CA61373E686DCF3405', 'B44B044B417EB2BD61373E686DCF3405', '5905770CD09C21CE61373E686DCF3405', 'C4AF13EB95F4B33361373E686DCF3405', '4E6A723D599B9B5761373E686DCF3405', 'D8A17D4EA0688BFD61373E686DCF3405', 'BAD1F541A858EBC161373E686DCF3405', 'DCA065DCA9475ED161373E686DCF3405', '269F9BF0D06EE9C561373E686DCF3405', 'FC63D60B9534632A61373E686DCF3405', 'A1F2E2009599479B61373E686DCF3405', 'CB6D2BA0B76810C161373E686DCF3405', 'D05233B78827FD9361373E686DCF3405', '9FF45E76EA7FB91161373E686DCF3405', '761DFA4E379675B461373E686DCF3405', '8467AF1E202B8C6F61373E686DCF3405', '8B866F5B1C00D4B961373E686DCF3405', '7F252F7120AB087061373E686DCF3405', 'A8E68D3D8E5C0E3561373E686DCF3405', '805CC752C78003A261373E686DCF3405', '43FD7F86DBEB2F5161373E686DCF3405', '8A2ECFF9A66FC66661373E686DCF3405', '05D7975BC917876B61373E686DCF3405', '801FB37047E69A5D61373E686DCF3405', '538FA282AD008AF361373E686DCF3405', '5255A796110AA48A61373E686DCF3405', 'EB8669AF66F98B4A61373E686DCF3405', '5EC07B57193C1C5F61373E686DCF3405', 'EFFB85E34AB05D6261373E686DCF3405', 'A565381046A0CFEB61373E686DCF3405', 'F10E0A59E9642F5D61373E686DCF3405', 'ABD81C570B6C092261373E686DCF3405', '16958FACA18EC45061373E686DCF3405', '6B7FF0481E5A127F61373E686DCF3405', 'AE1F8C44B5AA10D961373E686DCF3405', '2588E7BB852F1C1B61373E686DCF3405', '149DAC3C82E15F6D61373E686DCF3405', 'A95657781ED4368761373E686DCF3405', 'C4FDE1259392BDE561373E686DCF3405', '0F9BC26A37BC9FC861373E686DCF3405', 'A2AD416180726D4D61373E686DCF3405', 'E2B3DC792AFE3DD961373E686DCF3405', '0D4F2AB110753FE361373E686DCF3405', '2C61E1B947B85F5F61373E686DCF3405', 'F55953A62849FF2F61373E686DCF3405', '5A3173DEA85CE1DC61373E686DCF3405', 'A10DDFED82747F2B61373E686DCF3405', '033047C7EE2686F461373E686DCF3405', '7B7ED69D5A3C767361373E686DCF3405', '780CED53740CFBCD61373E686DCF3405', '3D67728F39E7AE4461373E686DCF3405', '4ED180A599BF99D261373E686DCF3405', 'AF70CDC3374ECDFC61373E686DCF3405', '885A46BD902DE8C461373E686DCF3405', '4CEC99F670F7E33C61373E686DCF3405', '186AFDD872FC6F5061373E686DCF3405', '3D3A962DB849A7EA61373E686DCF3405', '974B25685521F9A661373E686DCF3405', 'B7336393F17A805661373E686DCF3405', '036E33A607231A6561373E686DCF3405', '3AF00F7CA47A7B8261373E686DCF3405', '7C359982D063266261373E686DCF3405', '7FDAA962078E9F4A61373E686DCF3405', 'B664140ACF91E75261373E686DCF3405', '2D3F6F98F67CA7E261373E686DCF3405', '9756B8163FA0B17A61373E686DCF3405', 'A59B11FD8D6592AD61373E686DCF3405', '65BB8B3A9646B36B61373E686DCF3405', '2A7E7706684E284961373E686DCF3405', '96E0D548F44E15DB61373E686DCF3405', 'DF8BD25C5AEB026F61373E686DCF3405', '120BCFCE01D8E5F861373E686DCF3405', 'AE13FB418A861E0861373E686DCF3405', '8FCB45C13394751E61373E686DCF3405', 'E8B861EC0544D4DC61373E686DCF3405', 'EBE7310965E0DAF861373E686DCF3405', '34A5E2A264FA5A8B61373E686DCF3405', '66ABD920C297C82F61373E686DCF3405', '5A1A094D7CF7F0E961373E686DCF3405', 'A11EF77278CC0EE761373E686DCF3405', '9424527EF772561E61373E686DCF3405', 'B9ED9A253308BC1E61373E686DCF3405', 'A4BB1155060086D261373E686DCF3405', 'F0DFA173CE103AAB61373E686DCF3405', '6EC6FDEAF534900461373E686DCF3405', 'DFE100E6874CF6A261373E686DCF3405', '0A0EC1A663B3044A61373E686DCF3405', '16985BD6F6B1AE8961373E686DCF3405', 'FC91471D2EF1D61C61373E686DCF3405', 'CF12C49ADC41C94D61373E686DCF3405', '0C20A6A4A63B500761373E686DCF3405', '9BFC99A7C4B6113B61373E686DCF3405', 'D9A823A66CEBE43D61373E686DCF3405', '976CBDF615AD71C261373E686DCF3405', '4AF6447C97DA769E61373E686DCF3405', 'CBBCBC87B62724EB61373E686DCF3405', '980E167DB3308BAC61373E686DCF3405', '7946380D69D8F0E261373E686DCF3405', '6BBF335BFC428AC761373E686DCF3405', '3A348F5088AAEC5E61373E686DCF3405', '16D2BFE482F81A8A61373E686DCF3405', '3A68E0CCDF5B041861373E686DCF3405', '4EDF31FF8489399161373E686DCF3405', '19735546950BBA8361373E686DCF3405', 'BEAD6D27BA9369CA61373E686DCF3405', '0C0B8901155E403761373E686DCF3405', '7AB7C172C930235D61373E686DCF3405', 'F3287ED0BD45B46761373E686DCF3405', 'DC5F971F07FD1EB461373E686DCF3405', '96C0305D7C9CFFAB61373E686DCF3405', '66872EB88AE08C3261373E686DCF3405', '7FB08E7053B3DB2661373E686DCF3405', '009FCB204BEB1E7661373E686DCF3405', '0F559A592521EB2361373E686DCF3405', '1E32196F54DF3F5361373E686DCF3405', 'C3603B6A572351D861373E686DCF3405', 'A6DD73063F7C582661373E686DCF3405', '33511A04005CCE8861373E686DCF3405', '73515973DA63251B61373E686DCF3405', '0E99877A0162EE0C61373E686DCF3405', 'B6928E62804F13F461373E686DCF3405', '68800E6E4BE7152061373E686DCF3405', '8E0F144CF90E8B2761373E686DCF3405', '3F3178D0C806D28A61373E686DCF3405', '5FEC52BB683BC4E261373E686DCF3405', '91CD2869D34724E961373E686DCF3405', '5AD446F918411A2A61373E686DCF3405', '6BDABC3837B9468561373E686DCF3405', '3AC4C129E1EBCAF561373E686DCF3405', 'EB65C2A40F41DF3E61373E686DCF3405', '6F03A56F779E884761373E686DCF3405', '3D43C942945A4BC461373E686DCF3405', '081400B0CB37BCD761373E686DCF3405', '3B6EBBD4786778E861373E686DCF3405', '026881C89498C95161373E686DCF3405', '7661B56C0BBECE5061373E686DCF3405', '0B0408E6801ABEDC61373E686DCF3405', 'D3B0112A55478D9161373E686DCF3405', '9B428E50B25C802D61373E686DCF3405', '7A5B56A58678E9D461373E686DCF3405', '1CC50F97F54DEDD661373E686DCF3405', '7C3F5610F21385D261373E686DCF3405', '04C7ECD2BBEDFCFF61373E686DCF3405', '0193BCB0216F888F61373E686DCF3405', '3B4DA50E2403F7F661373E686DCF3405', 'FA8D82D03F5368FA61373E686DCF3405', '957E7CA6E110CFE161373E686DCF3405', 'F6BE0B45E76EAA4A61373E686DCF3405', 'C734DF1E348DC45261373E686DCF3405', 'E01D5CC3A3A1F78861373E686DCF3405', '144766602E15630561373E686DCF3405', 'C173BADF7E573EF161373E686DCF3405', '662DE443D25CBCA961373E686DCF3405', '9C45B4D23107363C61373E686DCF3405', '3312293550A5AD3861373E686DCF3405', '2A0ECAD36420D00E61373E686DCF3405', '2DCBD52C8F9891FF61373E686DCF3405', 'DCB40FBA694492A861373E686DCF3405', '59CACE4328601B5461373E686DCF3405', '08D69FA500FF743A61373E686DCF3405', '6F4ED0A941F2C2E761373E686DCF3405', 'FFFF21E2082A4C7561373E686DCF3405', '3EE7A345A47A71BE61373E686DCF3405', '1E22F50592B8FBDA61373E686DCF3405', '05D6B700DAD4779B61373E686DCF3405', '1102D417324127ED61373E686DCF3405', '57C14475B4A72DD761373E686DCF3405', 'A34E1C6D3F70278661373E686DCF3405', '19AE575B56691A1C61373E686DCF3405', '095C2B854D09C0A061373E686DCF3405', 'ABCB5F1BFCE42C8761373E686DCF3405', '7C44D0C77D874C0661373E686DCF3405', '4132B115E556543D61373E686DCF3405', '557CC496B378B03261373E686DCF3405', '7D0E82FDF88FDF2461373E686DCF3405', 'AFA972CC7F59E99461373E686DCF3405', '05D97748CF75AF2F61373E686DCF3405', '52D1BE0A2F2A971861373E686DCF3405', 'FA8DBE990D91C66861373E686DCF3405', 'F029B98744EC77B261373E686DCF3405', '070125E878638AF361373E686DCF3405', '9EED7DD7A4E3F11961373E686DCF3405', 'E980A47A8697BA5361373E686DCF3405', '2D9CBB5FF84BF7EA61373E686DCF3405', '9C488E00D8850F1861373E686DCF3405', '83F0D52A3CD0C6FD61373E686DCF3405', 'EA1D0074DB567E0261373E686DCF3405', 'E028D752BC92477E61373E686DCF3405', '3D624F23EA558FBD61373E686DCF3405', '1DAFEA90BBC6B30C61373E686DCF3405', 'AE1580AB9B0F777461373E686DCF3405', '6EA012ADBFACA0AB61373E686DCF3405', 'D45ED0B50AEEDCD761373E686DCF3405', '0E336C8CE8C5531F61373E686DCF3405', '01D966FBD0078B0261373E686DCF3405', '9310C9A44984E9D161373E686DCF3405', 'C4DAA099CADC2DF661373E686DCF3405', 'BD86E1D4AFD7B76761373E686DCF3405', '1F03D31BBEBAE05661373E686DCF3405', '4E9611F642BC92CC61373E686DCF3405', 'E6E96F570F6C247861373E686DCF3405', '96E1EB2491E03A2461373E686DCF3405', '46B0FFEDFDFAF89261373E686DCF3405', 'CC5E298915B3DF0A61373E686DCF3405', '62D6DD39F61D504061373E686DCF3405', 'E070A098586DB8EB61373E686DCF3405', '595975384A62619E61373E686DCF3405', '0278F10877EF6F9B61373E686DCF3405', '71DA509D71F287DC61373E686DCF3405', '52ED1BBBA0DE9B3961373E686DCF3405', '8EF4AF27C04782BD61373E686DCF3405', '91DEEB6ECBD586FB61373E686DCF3405', 'A02F03E9963A3AC061373E686DCF3405', 'FAD86335A7D28EB261373E686DCF3405', '8F1632B65DA3A6C361373E686DCF3405', 'BA954E647F4C88BC61373E686DCF3405', 'B59E4B5AB1CBF75B61373E686DCF3405', 'D18BC89A6C9B4B6661373E686DCF3405', '2F29791B3061CFC261373E686DCF3405', 'C5FCF92A7FE0851A61373E686DCF3405', '3E5F6ACC10D4201C61373E686DCF3405', 'FFB5F1E6CA02340761373E686DCF3405', 'A4AFCFA7C0440E6161373E686DCF3405', '18404D1CBBF23E6D61373E686DCF3405', '1EB22865BBF1F5C961373E686DCF3405', 'E5F8FC9295F3B4BB61373E686DCF3405', '3A39747425E0003861373E686DCF3405', 'D3B597D3B564D1CB61373E686DCF3405', '71C026E63BC4A2FB61373E686DCF3405', 'E0872998FB1CEE1F61373E686DCF3405', '737AB2C0F3E0199161373E686DCF3405', '5153D1F0EC8B9B9561373E686DCF3405', '76EA2089B308056161373E686DCF3405', '8E34CE1242EF362061373E686DCF3405', 'A0DB3147B63899B261373E686DCF3405', 'E2C15705019AFDC861373E686DCF3405', 'CDD521FE7276976961373E686DCF3405', '1400F1885A0CD0B161373E686DCF3405', '9DABDBD0A923C50261373E686DCF3405', '92B0A9F47A93825461373E686DCF3405', '97B929046EE9BCB961373E686DCF3405', 'C9EC3DBE9A279BCB61373E686DCF3405', 'A38BF5F56FD6EB6161373E686DCF3405', 'A8DC7E314A98335861373E686DCF3405', 'E9843B22E0756A2861373E686DCF3405', '0FAA8A4AD7DC8B4661373E686DCF3405', '319D318EF80F62F561373E686DCF3405', '8334BA18D3BE7E2061373E686DCF3405', 'C6FC885D6920F1C261373E686DCF3405', '193F0EEB654CDB7F61373E686DCF3405', 'AF1F8D73D496D76361373E686DCF3405', '317299F3740FB46161373E686DCF3405', '71CDDFA09A552B1161373E686DCF3405', 'BB5771C1C4CF8AED61373E686DCF3405', 'BF20DC5E985625BD61373E686DCF3405', '0E0AAA4D8FE4277361373E686DCF3405', '008CD11B0CD996B661373E686DCF3405', '3C53C2657EBD4C8F61373E686DCF3405', 'BC9C6ACFDA4ECF4061373E686DCF3405', '1C8203996C087CBE61373E686DCF3405', 'B9E20C239552C02061373E686DCF3405', '5B4043231F51FAB861373E686DCF3405', 'C26484139150229D61373E686DCF3405', '39AE89CBFA20C52561373E686DCF3405', '121D9C94CFE538A861373E686DCF3405', '955A5938C3D4BD2861373E686DCF3405', 'ED95233E34C0093D61373E686DCF3405', 'EC226394015981B861373E686DCF3405', '485B95B7F060141061373E686DCF3405', 'C46DA0F3F00808CF61373E686DCF3405', 'DA5B5DCCAF2E276661373E686DCF3405', 'AC1150A1540D952761373E686DCF3405', 'AB106DCC3E4C071E61373E686DCF3405', '9CD2DF1D97B871EB61373E686DCF3405', '1A71A6786C3ADDFA61373E686DCF3405', '056FA56B228E562661373E686DCF3405', 'B1BAD026FF6060C861373E686DCF3405', '0099B5C27B6B492C61373E686DCF3405', '127DC570BD6524CD61373E686DCF3405', '7C5D465973F4C55861373E686DCF3405', '9C89F381547248CA61373E686DCF3405', 'AAB06804624536C061373E686DCF3405', 'A09BEFBC49F28C8361373E686DCF3405', 'E68E5781FB60A86761373E686DCF3405', '11F0CCB3CEBDEAE661373E686DCF3405', '1CC0C4E45B8D09FC61373E686DCF3405', 'EEF342801079268861373E686DCF3405', '9F5B0F51F1DF8C0B61373E686DCF3405', '04E8586361DDA18E61373E686DCF3405', '84FFD37519CA71C361373E686DCF3405', '7ADFA9E017B080D761373E686DCF3405', '280F970D5AB71A4361373E686DCF3405', 'BFB61F5EB79940CE61373E686DCF3405', '107653C5AC564F5661373E686DCF3405', '316FCC187286DA4C61373E686DCF3405', '772B82C76B1D221261373E686DCF3405', '761E9273972FFC0E61373E686DCF3405', '0A3D9AB7FC76FFC861373E686DCF3405', '3717F93FDFA074FA61373E686DCF3405', 'CAAC55CE1293BFF361373E686DCF3405', '2511727E0DBAE7A261373E686DCF3405', '67A9F05619E4128361373E686DCF3405', '412EF185DA113F2161373E686DCF3405', '7899106291F8B44861373E686DCF3405', 'B3573FA1342262B261373E686DCF3405', '57F8A7DEE57BEAF861373E686DCF3405', 'CDB9E1B3306547CA61373E686DCF3405', '4EB055B41597554161373E686DCF3405', 'BA67D6317C689F0661373E686DCF3405', 'AC56878EEBA4E90361373E686DCF3405', '338048A82351CE5A61373E686DCF3405', 'CDEE97CEF441975C61373E686DCF3405', 'E68082C292423E4161373E686DCF3405', 'E1E9ECF2EEE2006961373E686DCF3405', '5AF132235906E2A761373E686DCF3405', '32D455E0C88761E261373E686DCF3405']",477,Ventas
redes sociales,"['B32A7E60643CD5C661373E686DCF3405', '7CA219893A282DF861373E686DCF3405', '42142F01C6A5722F61373E686DCF3405', '2A810993469DDD0B61373E686DCF3405', 'A6A32B160409A9CE61373E686DCF3405', 'A4353E280D472CE961373E686DCF3405', 'E92564043CDB9DB861373E686DCF3405', 'D7F6D5D79822E24061373E686DCF3405', '0E79BDC1B7B4A9E261373E686DCF3405', '2F4FDF51244B91E961373E686DCF3405', '433AFB880164FE1C61373E686DCF3405', 'A001A775E80DB7E961373E686DCF3405', '141ACD2B2FD5DC7C61373E686DCF3405', '8B21ACFA53039DD661373E686DCF3405', 'D5803D25FCF492CA61373E686DCF3405', '5EA8C61D1016C8D661373E686DCF3405', 'C92742DC00AB672B61373E686DCF3405', '0EA1F3264447BF0B61373E686DCF3405', '097E936DC516649A61373E686DCF3405', '248AF1A00C46AB7C61373E686DCF3405', '59FFFB173C751C1961373E686DCF3405', '3FEF4FF2F44B064461373E686DCF3405', 'F7CE6C60D320949961373E686DCF3405', '57668B156A51225161373E686DCF3405', '922BCF9344570B4261373E686DCF3405', '15805F3197D9DD0F61373E686DCF3405', '44F2DB5A3F71B9DE61373E686DCF3405', '721316105770541261373E686DCF3405', 'D1ABD948F3643C6B61373E686DCF3405', '77FDD37A975D541361373E686DCF3405', '761DFA4E379675B461373E686DCF3405', '8B866F5B1C00D4B961373E686DCF3405', '8A2ECFF9A66FC66661373E686DCF3405', '2588E7BB852F1C1B61373E686DCF3405', '5A3173DEA85CE1DC61373E686DCF3405', '4E8F7D7CD1D3955B61373E686DCF3405', 'BDEDC774767C12D061373E686DCF3405', '6BBF335BFC428AC761373E686DCF3405', 'A7C51F602BC00D9961373E686DCF3405', 'AF6F90B2356B023561373E686DCF3405', '743E972E55B6C07F61373E686DCF3405', 'FFE9E2E2BA97E94061373E686DCF3405', 'F48F06166485F86561373E686DCF3405', '7D82C7336BEA780B61373E686DCF3405', '6435AC9EC95C8ACD61373E686DCF3405', '4A4AEC8D4180886261373E686DCF3405', '527ED1D76796F80761373E686DCF3405', 'F678D88C125F6EAA61373E686DCF3405', '84D9F53104B80FE861373E686DCF3405', 'AE389B129242AF6B61373E686DCF3405', '7F5B69741ED2B87361373E686DCF3405', '72BE44B32266EF4B61373E686DCF3405', '4B2889DFB85244E561373E686DCF3405', '1F0EA849DB3C085C61373E686DCF3405', 'D3B597D3B564D1CB61373E686DCF3405', '8E34CE1242EF362061373E686DCF3405', '1400F1885A0CD0B161373E686DCF3405', '0A2860EC3CB63FDB61373E686DCF3405', 'CD3397C449A5F93A61373E686DCF3405', 'DF16BF9B030CC0EB61373E686DCF3405', '1CC0C4E45B8D09FC61373E686DCF3405', 'C1AB665C0E705A3361373E686DCF3405', '98E613C80C63808E61373E686DCF3405', '7899106291F8B44861373E686DCF3405', 'CDB9E1B3306547CA61373E686DCF3405', '9A221AF0A2FA379061373E686DCF3405', '32D455E0C88761E261373E686DCF3405']",67,Redes sociales
gestion,"['B32A7E60643CD5C661373E686DCF3405', '94C2272294CD2DA561373E686DCF3405', '466CA4A710718F1061373E686DCF3405', '1A32FB10A009D98D61373E686DCF3405', 'F60AD7AE88874CCB61373E686DCF3405', '2F4172852F3EDE2361373E686DCF3405', '6223695547BD115861373E686DCF3405', 'BFDBBB3AFE6C3C2461373E686DCF3405', '393A0C788E78E14861373E686DCF3405', 'E92564043CDB9DB861373E686DCF3405', '4008DFEFA00474AC61373E686DCF3405', '51F76851186672F161373E686DCF3405', 'BAFA8EF43664875A61373E686DCF3405', 'BEE5695F7B8BA75261373E686DCF3405', '9DD1A389F3C5275A61373E686DCF3405', '19097D6AFB72D7AB61373E686DCF3405', '6746BAA2FE97B15761373E686DCF3405', 'FA289305CC8AF63861373E686DCF3405', '1C530D56168F635261373E686DCF3405', '9FCB195C9643D01E61373E686DCF3405', 'A06FD15F26D3C42961373E686DCF3405', 'BACE2474393B042261373E686DCF3405', '813B3CC03F4F792461373E686DCF3405', '8BFEF7C7574F5E6D61373E686DCF3405', '1F4BEBEB686A2CA061373E686DCF3405', 'CED5230D177F60D361373E686DCF3405', '8EE8880D41AC71E961373E686DCF3405', 'DDBF1C9FD1EA10E461373E686DCF3405', '5B0C86B6366AAB5E61373E686DCF3405', '248AF1A00C46AB7C61373E686DCF3405', 'A659B498648A20BB61373E686DCF3405', '74BFA0B0D30B29C361373E686DCF3405', '9BF5BE990FC9853D61373E686DCF3405', '374327A4546F29E961373E686DCF3405', 'FFEF969DCFB0989761373E686DCF3405', 'A678F2E2A1F1677F61373E686DCF3405', 'A1F2E2009599479B61373E686DCF3405', 'CB6D2BA0B76810C161373E686DCF3405', '9FF45E76EA7FB91161373E686DCF3405', '761DFA4E379675B461373E686DCF3405', '649CE473630DDF8E61373E686DCF3405', 'EFFB85E34AB05D6261373E686DCF3405', 'C4FDE1259392BDE561373E686DCF3405', '0F9BC26A37BC9FC861373E686DCF3405', '7B7ED69D5A3C767361373E686DCF3405', 'ECD579B8CDFED9EA61373E686DCF3405', '7C359982D063266261373E686DCF3405', '7FDAA962078E9F4A61373E686DCF3405', 'A683BECD4AEA954161373E686DCF3405', '66ABD920C297C82F61373E686DCF3405', 'B29864F9C3F53AC261373E686DCF3405', '86F0AEF5BE9B571F61373E686DCF3405', '77A57E14619AC81761373E686DCF3405', 'DC54E073E075ECAF61373E686DCF3405', '8BF09930553EFD7D61373E686DCF3405', '081400B0CB37BCD761373E686DCF3405', '42DDD58AD43A4BEE61373E686DCF3405', '594CA3518330CE2861373E686DCF3405', '7F537BA627D780F461373E686DCF3405', '1CC50F97F54DEDD661373E686DCF3405', 'E01D5CC3A3A1F78861373E686DCF3405', '0E1591033A97425461373E686DCF3405', '0762E9F09AFA55F361373E686DCF3405', 'DCB40FBA694492A861373E686DCF3405', 'D8BE5B73EAA6793C61373E686DCF3405', 'EA1D0074DB567E0261373E686DCF3405', '4CCC3B1FF0D58CAB61373E686DCF3405', 'AE92AAC97394B46A61373E686DCF3405', 'E15415285F6AE05661373E686DCF3405', '195C63ADC8FBB17A61373E686DCF3405', '284BE5AFCAAA813061373E686DCF3405', '92AD21AEF01140B061373E686DCF3405', 'BD86E1D4AFD7B76761373E686DCF3405', '62D6DD39F61D504061373E686DCF3405', '8EF4AF27C04782BD61373E686DCF3405', '75DC526A27D5EAE761373E686DCF3405', '0EC188B979B6086C61373E686DCF3405', 'E2C15705019AFDC861373E686DCF3405', '5175A6251127ACE761373E686DCF3405', '0FAA8A4AD7DC8B4661373E686DCF3405', '0E0AAA4D8FE4277361373E686DCF3405', '1A71A6786C3ADDFA61373E686DCF3405', '04E8586361DDA18E61373E686DCF3405', '7CCA6D5E1B69731F61373E686DCF3405', '107653C5AC564F5661373E686DCF3405', '9524C065D9EBD77961373E686DCF3405', 'F0551637AAACD67761373E686DCF3405']",87,Gesti√≥n
publicidad,"['B32A7E60643CD5C661373E686DCF3405', '837ABDB41E7BD95A61373E686DCF3405', '2A810993469DDD0B61373E686DCF3405', 'AE7E9EFD89AFAA6861373E686DCF3405', 'B65EF61DE946241261373E686DCF3405', '9A2884857D71AADB61373E686DCF3405', '0EA1F3264447BF0B61373E686DCF3405', '248AF1A00C46AB7C61373E686DCF3405', '266BAAF4BC92796B61373E686DCF3405', '00C6CD0BF1D4D1CA61373E686DCF3405', '16958FACA18EC45061373E686DCF3405', 'E2B3DC792AFE3DD961373E686DCF3405', 'A2DD2D346B06278C61373E686DCF3405', '0A3B6117CCA0C03161373E686DCF3405', 'A683BECD4AEA954161373E686DCF3405', '6E6EF290C838785161373E686DCF3405', '23FB02680B39C74D61373E686DCF3405', 'F0DFA173CE103AAB61373E686DCF3405', '743E972E55B6C07F61373E686DCF3405', '4F647060C46E898161373E686DCF3405', '9C45B4D23107363C61373E686DCF3405', 'AE389B129242AF6B61373E686DCF3405', '7F5B69741ED2B87361373E686DCF3405', '1DAFEA90BBC6B30C61373E686DCF3405', '595975384A62619E61373E686DCF3405', '9A221AF0A2FA379061373E686DCF3405', '511093CDA08362EF61373E686DCF3405']",27,Publicidad
redes,"['B32A7E60643CD5C661373E686DCF3405', '7CA219893A282DF861373E686DCF3405', '42142F01C6A5722F61373E686DCF3405', 'AC6079FBDE163BC761373E686DCF3405', '97ADC4E9C50CF76A61373E686DCF3405', '2A810993469DDD0B61373E686DCF3405', '3C48B1C51B7C7A6461373E686DCF3405', 'C497C85BFF263FD961373E686DCF3405', 'A6A32B160409A9CE61373E686DCF3405', 'A4353E280D472CE961373E686DCF3405', '0801406A23D809BF61373E686DCF3405', 'E92564043CDB9DB861373E686DCF3405', 'D7F6D5D79822E24061373E686DCF3405', '0E79BDC1B7B4A9E261373E686DCF3405', 'C429A4AE8C8E5D2F61373E686DCF3405', '2F4FDF51244B91E961373E686DCF3405', '57FFF5C228C8509A61373E686DCF3405', 'EB7C8E759E6DC14161373E686DCF3405', '22B86B25FE969D3061373E686DCF3405', '433AFB880164FE1C61373E686DCF3405', 'A001A775E80DB7E961373E686DCF3405', '141ACD2B2FD5DC7C61373E686DCF3405', '8B21ACFA53039DD661373E686DCF3405', 'D5803D25FCF492CA61373E686DCF3405', '5EA8C61D1016C8D661373E686DCF3405', 'C92742DC00AB672B61373E686DCF3405', '4C4D451EBF2797B061373E686DCF3405', '0EA20D5346EB2A0461373E686DCF3405', 'CE978877F54D600061373E686DCF3405', 'F0CED41B26A0922961373E686DCF3405', '0EA1F3264447BF0B61373E686DCF3405', '097E936DC516649A61373E686DCF3405', '248AF1A00C46AB7C61373E686DCF3405', '59FFFB173C751C1961373E686DCF3405', '3FEF4FF2F44B064461373E686DCF3405', '74BFA0B0D30B29C361373E686DCF3405', 'F7CE6C60D320949961373E686DCF3405', '57668B156A51225161373E686DCF3405', '922BCF9344570B4261373E686DCF3405', '15805F3197D9DD0F61373E686DCF3405', '44F2DB5A3F71B9DE61373E686DCF3405', '721316105770541261373E686DCF3405', 'D1ABD948F3643C6B61373E686DCF3405', 'A199346FA100580461373E686DCF3405', '77FDD37A975D541361373E686DCF3405', '761DFA4E379675B461373E686DCF3405', '8B866F5B1C00D4B961373E686DCF3405', '8A2ECFF9A66FC66661373E686DCF3405', '16958FACA18EC45061373E686DCF3405', '2588E7BB852F1C1B61373E686DCF3405', '5A3173DEA85CE1DC61373E686DCF3405', '4E8F7D7CD1D3955B61373E686DCF3405', 'BDEDC774767C12D061373E686DCF3405', '6BBF335BFC428AC761373E686DCF3405', 'A7C51F602BC00D9961373E686DCF3405', '6E958E20F46CCD7A61373E686DCF3405', 'AF6F90B2356B023561373E686DCF3405', '743E972E55B6C07F61373E686DCF3405', '1849CC953BADD62161373E686DCF3405', 'FFE9E2E2BA97E94061373E686DCF3405', 'F48F06166485F86561373E686DCF3405', '12114FF040C4F4EF61373E686DCF3405', '7D82C7336BEA780B61373E686DCF3405', '6435AC9EC95C8ACD61373E686DCF3405', '4A4AEC8D4180886261373E686DCF3405', '527ED1D76796F80761373E686DCF3405', 'F678D88C125F6EAA61373E686DCF3405', '84D9F53104B80FE861373E686DCF3405', 'AE389B129242AF6B61373E686DCF3405', '3AA75BD0CC21E8B761373E686DCF3405', '7F5B69741ED2B87361373E686DCF3405', '72BE44B32266EF4B61373E686DCF3405', '4B2889DFB85244E561373E686DCF3405', '1F0EA849DB3C085C61373E686DCF3405', 'D3B597D3B564D1CB61373E686DCF3405', '8E34CE1242EF362061373E686DCF3405', 'E2C15705019AFDC861373E686DCF3405', '1400F1885A0CD0B161373E686DCF3405', '0A2860EC3CB63FDB61373E686DCF3405', 'CD3397C449A5F93A61373E686DCF3405', 'B9E20C239552C02061373E686DCF3405', '121D9C94CFE538A861373E686DCF3405', '53B2A69B75D1AA2261373E686DCF3405', 'DF16BF9B030CC0EB61373E686DCF3405', '1CC0C4E45B8D09FC61373E686DCF3405', 'C1AB665C0E705A3361373E686DCF3405', '98E613C80C63808E61373E686DCF3405', '7899106291F8B44861373E686DCF3405', 'CDB9E1B3306547CA61373E686DCF3405', '9A221AF0A2FA379061373E686DCF3405', '40544C6EF0EE86E261373E686DCF3405', '32D455E0C88761E261373E686DCF3405']",92,Redes
microsoft office,"['C6E8E62B1B85546E61373E686DCF3405', '7469A79748F7E4FA61373E686DCF3405', 'B01D353625A50CCB61373E686DCF3405', 'DA4BC0127D985EA761373E686DCF3405', '7E93AE7E01B47DA161373E686DCF3405', 'D7F6D5D79822E24061373E686DCF3405', 'EABDE672D81BD04D61373E686DCF3405', '67AC31E240F231D561373E686DCF3405', '74BFA0B0D30B29C361373E686DCF3405', 'FBD02BEE21F0EF0061373E686DCF3405', '24D380B0AC9D6D6961373E686DCF3405', 'FC63D60B9534632A61373E686DCF3405', '8B866F5B1C00D4B961373E686DCF3405', '8A2ECFF9A66FC66661373E686DCF3405', '089DFBAA496868EC61373E686DCF3405', '264C24892AAFBBEB61373E686DCF3405', '033047C7EE2686F461373E686DCF3405', '2A7E7706684E284961373E686DCF3405', '4D65F486534BF85C61373E686DCF3405', '4EDF31FF8489399161373E686DCF3405', '342235578F92160961373E686DCF3405', 'D3B0112A55478D9161373E686DCF3405', '2DCBD52C8F9891FF61373E686DCF3405', 'EA1D0074DB567E0261373E686DCF3405', 'DB2109623096AD0F61373E686DCF3405', '92C8A19BD7C0421D61373E686DCF3405', 'D3B597D3B564D1CB61373E686DCF3405', '0EC188B979B6086C61373E686DCF3405', 'DF56F358A5C9D9CC61373E686DCF3405', '1A71A6786C3ADDFA61373E686DCF3405', 'C1AB665C0E705A3361373E686DCF3405', '9524C065D9EBD77961373E686DCF3405', '317F1EF3DB78652161373E686DCF3405']",33,Microsoft Office
salud ocupacional,"['C6E8E62B1B85546E61373E686DCF3405', '0D550993C4CA0BE061373E686DCF3405', 'F5BF20987C2F9C7761373E686DCF3405', '4D65F486534BF85C61373E686DCF3405', '86F0AEF5BE9B571F61373E686DCF3405']",5,Salud ocupacional
salud,"['C6E8E62B1B85546E61373E686DCF3405', '5C2C60975C138E3561373E686DCF3405', '1B682F9E74ACCAFB61373E686DCF3405', 'DFE43FC87F97A0CC61373E686DCF3405', 'B66356717122AFB261373E686DCF3405', '34F3831D1A9CD45661373E686DCF3405', '63EF76084C215F2A61373E686DCF3405', '7A2950532EC1EA7361373E686DCF3405', 'C67F5206AD63802761373E686DCF3405', '16A59FCE3EF81B6961373E686DCF3405', 'AEAC86DDF5CCC12E61373E686DCF3405', 'CCA2967DE1E1964561373E686DCF3405', 'EB20FF22DCF721DD61373E686DCF3405', 'C85494EE4884987661373E686DCF3405', '266F6A26B5F1923261373E686DCF3405', 'DB8F815572DFA01761373E686DCF3405', '61B3AC3092E94BF661373E686DCF3405', '0D550993C4CA0BE061373E686DCF3405', '69003D1CFADEDC9861373E686DCF3405', 'EC5B62E5706DF3ED61373E686DCF3405', 'C483C472AC36AF2661373E686DCF3405', '2542AA3C0D07B7C961373E686DCF3405', '234D7A4694AA75B361373E686DCF3405', 'D80A80D6092CD96561373E686DCF3405', '82FDC3CA1981395961373E686DCF3405', '033047C7EE2686F461373E686DCF3405', '1B8629FFE6012E9261373E686DCF3405', 'ECD579B8CDFED9EA61373E686DCF3405', '577F4ADF27AEA1C561373E686DCF3405', 'EBE7310965E0DAF861373E686DCF3405', '1A4C5D21A3C2810561373E686DCF3405', 'F5BF20987C2F9C7761373E686DCF3405', 'DE9E78E94823CC0261373E686DCF3405', '4D65F486534BF85C61373E686DCF3405', 'B9ED9A253308BC1E61373E686DCF3405', '62FDCD46DE285A1261373E686DCF3405', 'E66D5E66176B92AE61373E686DCF3405', '86F0AEF5BE9B571F61373E686DCF3405', '6BBF335BFC428AC761373E686DCF3405', 'F9C01B32D50E30A861373E686DCF3405', '37340616CC3EB58861373E686DCF3405', '2ECB888C8CAEC0D661373E686DCF3405', '630A705093562F3561373E686DCF3405', '7D621BE08E4FEDDA61373E686DCF3405', '973E85EF6802F8FE61373E686DCF3405', 'F82C297A70DF7F6861373E686DCF3405', '3312293550A5AD3861373E686DCF3405', '57C14475B4A72DD761373E686DCF3405', 'A34E1C6D3F70278661373E686DCF3405', 'D29E3F34AABD973D61373E686DCF3405', '1EB123BA4B20198761373E686DCF3405', '1FCE5F81B5BEA91D61373E686DCF3405', '0ED09621EE457BCA61373E686DCF3405', 'DCEAD2C010157EC261373E686DCF3405', 'C58923B9F080651761373E686DCF3405', '838F8F724EE3DFAA61373E686DCF3405', '8F4E5FFE2D971DD461373E686DCF3405', 'BBF5EEB4C10A102261373E686DCF3405', 'CAEB79C4FC4E9CFD61373E686DCF3405', '1559182037F088B961373E686DCF3405', '7271243965012D1561373E686DCF3405', 'F063A0B2DE17308261373E686DCF3405', '0216F991D0EBED3761373E686DCF3405', 'D5E0A7F927882F3061373E686DCF3405', '14D8977EE081DCF961373E686DCF3405', '8094E73AF4B7250D61373E686DCF3405', '29753EBE62C482DD61373E686DCF3405', 'EA6846BE177FE04561373E686DCF3405', '392DC417BC1CE56D61373E686DCF3405', '1EF2144046693E2D61373E686DCF3405', 'D45ED0B50AEEDCD761373E686DCF3405', '38DDDC9B4147022261373E686DCF3405', 'BB6E98612FAB387361373E686DCF3405', 'E5F8FC9295F3B4BB61373E686DCF3405', 'CDD521FE7276976961373E686DCF3405', 'F8BC16DE9945ED0A61373E686DCF3405', '3C53C2657EBD4C8F61373E686DCF3405', 'CD1750470391E6D661373E686DCF3405', '082F34A89000F67061373E686DCF3405', 'CDB9E1B3306547CA61373E686DCF3405', 'E36F2F68B6DD93AE61373E686DCF3405']",81,Salud
marketing digital,"['7CA219893A282DF861373E686DCF3405', 'A4353E280D472CE961373E686DCF3405', 'FB17E01EE0BBF69D61373E686DCF3405', 'D5803D25FCF492CA61373E686DCF3405', '248AF1A00C46AB7C61373E686DCF3405', 'F7CE6C60D320949961373E686DCF3405', '721316105770541261373E686DCF3405', 'F6D2DBAEBB6D5D5A61373E686DCF3405', '0A3B6117CCA0C03161373E686DCF3405', 'A683BECD4AEA954161373E686DCF3405', '66ABD920C297C82F61373E686DCF3405', '6BBF335BFC428AC761373E686DCF3405', 'AF6F90B2356B023561373E686DCF3405', '76AD02B1DED3680F61373E686DCF3405', '63E9B96CE338AD0A61373E686DCF3405', 'FFE9E2E2BA97E94061373E686DCF3405', 'E01D5CC3A3A1F78861373E686DCF3405', '527ED1D76796F80761373E686DCF3405', '7F5B69741ED2B87361373E686DCF3405', 'FAD86335A7D28EB261373E686DCF3405', '0A2860EC3CB63FDB61373E686DCF3405', '511093CDA08362EF61373E686DCF3405']",22,Marketing digital
marketing,"['7CA219893A282DF861373E686DCF3405', '2F4172852F3EDE2361373E686DCF3405', 'A4353E280D472CE961373E686DCF3405', '4CC732E686B557B061373E686DCF3405', 'D7F6D5D79822E24061373E686DCF3405', '0259BB9B20E7AFF561373E686DCF3405', '1141FE8C808B893861373E686DCF3405', '16E0AB7C8317368A61373E686DCF3405', '23E54ABC0135C83C61373E686DCF3405', '0E79BDC1B7B4A9E261373E686DCF3405', 'FB17E01EE0BBF69D61373E686DCF3405', '432B2728FBA7DA9E61373E686DCF3405', '99EB796651C3AF2C61373E686DCF3405', 'B0AB538ED16746B061373E686DCF3405', 'B788CFDD56CC2C3161373E686DCF3405', '3B1303433F90CC9B61373E686DCF3405', '459700F6420E28D661373E686DCF3405', '77FF6E187AEE61C961373E686DCF3405', 'A001A775E80DB7E961373E686DCF3405', '5B2BBA1E2D1ACCAA61373E686DCF3405', '8B21ACFA53039DD661373E686DCF3405', 'D5803D25FCF492CA61373E686DCF3405', '6F08FEABE79FD71D61373E686DCF3405', 'BAA1997E9AFBC74461373E686DCF3405', '5EA8C61D1016C8D661373E686DCF3405', 'DDBF1C9FD1EA10E461373E686DCF3405', '0EA1F3264447BF0B61373E686DCF3405', 'E09BD47C3CA12ED261373E686DCF3405', '248AF1A00C46AB7C61373E686DCF3405', 'A659B498648A20BB61373E686DCF3405', 'FC2DDB61308D3E6161373E686DCF3405', 'F7CE6C60D320949961373E686DCF3405', '6F4E4BB194FFFDCA61373E686DCF3405', '922BCF9344570B4261373E686DCF3405', '721316105770541261373E686DCF3405', '2C4D285ECC44BE4461373E686DCF3405', '9C634C3A6CFA4CE561373E686DCF3405', '00C6CD0BF1D4D1CA61373E686DCF3405', '4E6A723D599B9B5761373E686DCF3405', 'D1ABD948F3643C6B61373E686DCF3405', 'F6D2DBAEBB6D5D5A61373E686DCF3405', 'EB8669AF66F98B4A61373E686DCF3405', '149DAC3C82E15F6D61373E686DCF3405', 'C4FDE1259392BDE561373E686DCF3405', '0F9BC26A37BC9FC861373E686DCF3405', '0A3B6117CCA0C03161373E686DCF3405', '7C359982D063266261373E686DCF3405', 'B664140ACF91E75261373E686DCF3405', 'A683BECD4AEA954161373E686DCF3405', '66ABD920C297C82F61373E686DCF3405', 'A4BB1155060086D261373E686DCF3405', 'F0DFA173CE103AAB61373E686DCF3405', '6BBF335BFC428AC761373E686DCF3405', '4EDF31FF8489399161373E686DCF3405', 'BEAD6D27BA9369CA61373E686DCF3405', 'F3287ED0BD45B46761373E686DCF3405', 'AF6F90B2356B023561373E686DCF3405', 'C6A2F8A8542A506161373E686DCF3405', '76AD02B1DED3680F61373E686DCF3405', '4F647060C46E898161373E686DCF3405', '63E9B96CE338AD0A61373E686DCF3405', 'FFE9E2E2BA97E94061373E686DCF3405', 'F48F06166485F86561373E686DCF3405', '04C7ECD2BBEDFCFF61373E686DCF3405', '0193BCB0216F888F61373E686DCF3405', '7D82C7336BEA780B61373E686DCF3405', 'E01D5CC3A3A1F78861373E686DCF3405', '9C45B4D23107363C61373E686DCF3405', '4A4AEC8D4180886261373E686DCF3405', 'A34E1C6D3F70278661373E686DCF3405', 'B987D258B465DAF661373E686DCF3405', '527ED1D76796F80761373E686DCF3405', '7D0E82FDF88FDF2461373E686DCF3405', '7F5B69741ED2B87361373E686DCF3405', '72BE44B32266EF4B61373E686DCF3405', 'EA1D0074DB567E0261373E686DCF3405', 'B3ACFD9E6FDAF93861373E686DCF3405', '4B2889DFB85244E561373E686DCF3405', '112F2A0FABABE29D61373E686DCF3405', '1DAFEA90BBC6B30C61373E686DCF3405', '43387135B618B06E61373E686DCF3405', 'D45ED0B50AEEDCD761373E686DCF3405', 'BD86E1D4AFD7B76761373E686DCF3405', '595975384A62619E61373E686DCF3405', '0278F10877EF6F9B61373E686DCF3405', 'A02F03E9963A3AC061373E686DCF3405', 'FAD86335A7D28EB261373E686DCF3405', 'D3B597D3B564D1CB61373E686DCF3405', '5175A6251127ACE761373E686DCF3405', '0FAA8A4AD7DC8B4661373E686DCF3405', '0A2860EC3CB63FDB61373E686DCF3405', '485B95B7F060141061373E686DCF3405', '1A71A6786C3ADDFA61373E686DCF3405', 'CD1750470391E6D661373E686DCF3405', '78B1CB5977A8FC6E61373E686DCF3405', '04E8586361DDA18E61373E686DCF3405', '107653C5AC564F5661373E686DCF3405', '0A3D9AB7FC76FFC861373E686DCF3405', '511093CDA08362EF61373E686DCF3405']",99,Marketing
contabilidad,"['7469A79748F7E4FA61373E686DCF3405', '7469A79748F7E4FA61373E686DCF3405', 'B01D353625A50CCB61373E686DCF3405', 'B01D353625A50CCB61373E686DCF3405', 'F60AD7AE88874CCB61373E686DCF3405', 'F60AD7AE88874CCB61373E686DCF3405', '07D95F80AA59B60261373E686DCF3405', '07D95F80AA59B60261373E686DCF3405', 'B8E8C499D8999F3761373E686DCF3405', 'B8E8C499D8999F3761373E686DCF3405', '4BFCF7D3346E569361373E686DCF3405', '4BFCF7D3346E569361373E686DCF3405', 'DA4BC0127D985EA761373E686DCF3405', 'DA4BC0127D985EA761373E686DCF3405', '7E93AE7E01B47DA161373E686DCF3405', '7E93AE7E01B47DA161373E686DCF3405', 'F8FEFAB34DD7861A61373E686DCF3405', 'F8FEFAB34DD7861A61373E686DCF3405', 'B9D18C098169FEE161373E686DCF3405', 'B9D18C098169FEE161373E686DCF3405', 'A9E6BE798E4814ED61373E686DCF3405', 'A9E6BE798E4814ED61373E686DCF3405', 'B90439806E8E740A61373E686DCF3405', 'B90439806E8E740A61373E686DCF3405', 'A87EF6F9CBC6D0FC61373E686DCF3405', 'A87EF6F9CBC6D0FC61373E686DCF3405', 'BAF8CFA008806B1B61373E686DCF3405', 'BAF8CFA008806B1B61373E686DCF3405', 'EB10E87826EEDC6E61373E686DCF3405', 'EB10E87826EEDC6E61373E686DCF3405', '17A618AD33A186FC61373E686DCF3405', '17A618AD33A186FC61373E686DCF3405', '6A1651486F503A9561373E686DCF3405', '6A1651486F503A9561373E686DCF3405', '813B3CC03F4F792461373E686DCF3405', '813B3CC03F4F792461373E686DCF3405', '8BFEF7C7574F5E6D61373E686DCF3405', '8BFEF7C7574F5E6D61373E686DCF3405', '9196479EC26703D761373E686DCF3405', '9196479EC26703D761373E686DCF3405', '0946FA796C6CEA2B61373E686DCF3405', '0946FA796C6CEA2B61373E686DCF3405', '6DD71F76572322B261373E686DCF3405', '6DD71F76572322B261373E686DCF3405', 'CDA22EE3D557B9F961373E686DCF3405', 'CDA22EE3D557B9F961373E686DCF3405', 'C30A25115AAA524461373E686DCF3405', 'C30A25115AAA524461373E686DCF3405', '69816135FF6287FA61373E686DCF3405', '69816135FF6287FA61373E686DCF3405', '15805F3197D9DD0F61373E686DCF3405', '15805F3197D9DD0F61373E686DCF3405', '434C70F53E30DBEA61373E686DCF3405', '434C70F53E30DBEA61373E686DCF3405', '649CE473630DDF8E61373E686DCF3405', '649CE473630DDF8E61373E686DCF3405', 'ECD579B8CDFED9EA61373E686DCF3405', 'ECD579B8CDFED9EA61373E686DCF3405', '42F99B8569E7C42F61373E686DCF3405', '42F99B8569E7C42F61373E686DCF3405', 'CCAD70A78448268761373E686DCF3405', 'CCAD70A78448268761373E686DCF3405', 'EE0D3376F98F484F61373E686DCF3405', 'EE0D3376F98F484F61373E686DCF3405', '4D65F486534BF85C61373E686DCF3405', '4D65F486534BF85C61373E686DCF3405', '495B3270D0E2225561373E686DCF3405', '495B3270D0E2225561373E686DCF3405', '5B4B27EA1320322261373E686DCF3405', '5B4B27EA1320322261373E686DCF3405', '33511A04005CCE8861373E686DCF3405', '33511A04005CCE8861373E686DCF3405', '857254181884AEEC61373E686DCF3405', '857254181884AEEC61373E686DCF3405', '39B46C237D8E1C3861373E686DCF3405', '39B46C237D8E1C3861373E686DCF3405', '3D9BE18BF816722561373E686DCF3405', '3D9BE18BF816722561373E686DCF3405', 'DDB6F9AC7974DACD61373E686DCF3405', 'DDB6F9AC7974DACD61373E686DCF3405', '9792A70E3014288D61373E686DCF3405', '9792A70E3014288D61373E686DCF3405', '7530927C3202DEB561373E686DCF3405', '7530927C3202DEB561373E686DCF3405', '9310C9A44984E9D161373E686DCF3405', '9310C9A44984E9D161373E686DCF3405', '810B4575E92DAD0B61373E686DCF3405', '810B4575E92DAD0B61373E686DCF3405', '124A4941F8882CEE61373E686DCF3405', '124A4941F8882CEE61373E686DCF3405', '52ED1BBBA0DE9B3961373E686DCF3405', '52ED1BBBA0DE9B3961373E686DCF3405', '8EF4AF27C04782BD61373E686DCF3405', '8EF4AF27C04782BD61373E686DCF3405', 'FFB5F1E6CA02340761373E686DCF3405', 'FFB5F1E6CA02340761373E686DCF3405', '0EC188B979B6086C61373E686DCF3405', '0EC188B979B6086C61373E686DCF3405', 'DF56F358A5C9D9CC61373E686DCF3405', 'DF56F358A5C9D9CC61373E686DCF3405', 'E0C2EA87FF62976861373E686DCF3405', 'E0C2EA87FF62976861373E686DCF3405', '36E54C858CCF7FE261373E686DCF3405', '36E54C858CCF7FE261373E686DCF3405', 'ED95233E34C0093D61373E686DCF3405', 'ED95233E34C0093D61373E686DCF3405', '7CCA6D5E1B69731F61373E686DCF3405', '7CCA6D5E1B69731F61373E686DCF3405', '9524C065D9EBD77961373E686DCF3405', '9524C065D9EBD77961373E686DCF3405', '317F1EF3DB78652161373E686DCF3405', '317F1EF3DB78652161373E686DCF3405', 'E1CFCB72F67B544F61373E686DCF3405', 'E1CFCB72F67B544F61373E686DCF3405', '8DC13A376D6E54AD61373E686DCF3405', '8DC13A376D6E54AD61373E686DCF3405', 'F0551637AAACD67761373E686DCF3405', 'F0551637AAACD67761373E686DCF3405']",118,Contabilidad
bases de datos,"['A7240B5DA4BC34C461373E686DCF3405', '42142F01C6A5722F61373E686DCF3405', '254DE52E4B554D5161373E686DCF3405', '4008DFEFA00474AC61373E686DCF3405', '8357E34AED4856C161373E686DCF3405', 'C69BEDFE9D64ABC061373E686DCF3405', '38008DE008CDFB0E61373E686DCF3405', '626319AF3951395E61373E686DCF3405', 'E9255719825ADB3E61373E686DCF3405', '4FBED42FA905420361373E686DCF3405', '25EA5C85E294C45D61373E686DCF3405', '7771562CB7BA50B261373E686DCF3405', 'F3F94638D7913D4061373E686DCF3405', 'EAC9494F5D0EA66161373E686DCF3405', 'C0AC24EED5452FF661373E686DCF3405', '8FE8BBE69A5E0A3D61373E686DCF3405', '96C36171EFE7C44F61373E686DCF3405', '277C7A0377F82A4161373E686DCF3405', '7534C116959008F161373E686DCF3405', '79443005F45D05C361373E686DCF3405', '0E79BDC1B7B4A9E261373E686DCF3405', '72692E2852AA3FE561373E686DCF3405', 'EABDE672D81BD04D61373E686DCF3405', '22B86B25FE969D3061373E686DCF3405', '1F4BEBEB686A2CA061373E686DCF3405', 'B3E851800E816FF561373E686DCF3405', 'C505CA4ABCDD255D61373E686DCF3405', '024A33B495B77EFA61373E686DCF3405', 'F0CED41B26A0922961373E686DCF3405', '0367896BD3157D2861373E686DCF3405', '46463CBF25EC267B61373E686DCF3405', '4BA527121E037E5661373E686DCF3405', '2865F24BACD0E99961373E686DCF3405', '721316105770541261373E686DCF3405', 'B5B3500B9520F05861373E686DCF3405', '162E92A48AFE482C61373E686DCF3405', '649CE473630DDF8E61373E686DCF3405', '0B9AC492CD0FD22061373E686DCF3405', '2588E7BB852F1C1B61373E686DCF3405', 'F55953A62849FF2F61373E686DCF3405', 'AEBC920A6A592F7261373E686DCF3405', '885A46BD902DE8C461373E686DCF3405', '41358760DC67475A61373E686DCF3405', '27DB05A8F1135BC261373E686DCF3405', 'CCAD70A78448268761373E686DCF3405', '4E8F7D7CD1D3955B61373E686DCF3405', 'BDEDC774767C12D061373E686DCF3405', '041AD06A51EFA67761373E686DCF3405', 'BF1008DE60DEB57A61373E686DCF3405', 'D7D9248AB02F5DF361373E686DCF3405', 'F9C01B32D50E30A861373E686DCF3405', '1F759746E78B9B5B61373E686DCF3405', 'DCAD592965A94BF061373E686DCF3405', '743E972E55B6C07F61373E686DCF3405', '1849CC953BADD62161373E686DCF3405', '7D621BE08E4FEDDA61373E686DCF3405', '4DF7E3CCA14D4A8D61373E686DCF3405', '7A5B56A58678E9D461373E686DCF3405', '7F537BA627D780F461373E686DCF3405', '1CC50F97F54DEDD661373E686DCF3405', '21C1C138A295D0B761373E686DCF3405', '5E3ADD5E2298344D61373E686DCF3405', '9893D5A46685E41761373E686DCF3405', 'FF030103BFE3C71F61373E686DCF3405', 'F678D88C125F6EAA61373E686DCF3405', 'AE389B129242AF6B61373E686DCF3405', '5E5E721ACF20E58E61373E686DCF3405', '62D109EBBE5C3E3461373E686DCF3405', 'FCC0C81C5CE93DE161373E686DCF3405', 'FA7859A0A1D8C84461373E686DCF3405', '882F29C697AE975861373E686DCF3405', 'F16C7D8E0EAD868A61373E686DCF3405', 'AFE95131D12C414261373E686DCF3405', '52716471CD8115D361373E686DCF3405', '62D6DD39F61D504061373E686DCF3405', '63141ED13C94D1A661373E686DCF3405', 'FFB5F1E6CA02340761373E686DCF3405', '5153D1F0EC8B9B9561373E686DCF3405', '583795BF006E04E061373E686DCF3405', '18B33257FC5ED90B61373E686DCF3405', '317299F3740FB46161373E686DCF3405', '0A2860EC3CB63FDB61373E686DCF3405', 'EC226394015981B861373E686DCF3405', '127DC570BD6524CD61373E686DCF3405', '8C2F95F404800FA861373E686DCF3405', '316FCC187286DA4C61373E686DCF3405', '772B82C76B1D221261373E686DCF3405', 'BA67D6317C689F0661373E686DCF3405']",88,Bases de datos
mantenimiento,"['1C863A7A8C55B70461373E686DCF3405', '3C48B1C51B7C7A6461373E686DCF3405', '1F0F9B59449A029A61373E686DCF3405', '06B28B3E77663C4B61373E686DCF3405', 'EA4A3441E5D8100E61373E686DCF3405', '3DA718578039B99B61373E686DCF3405', 'E9255719825ADB3E61373E686DCF3405', '4FBED42FA905420361373E686DCF3405', '639432265AD3688061373E686DCF3405', 'C429A4AE8C8E5D2F61373E686DCF3405', '50FE4539BEDE0EB661373E686DCF3405', 'EB7C8E759E6DC14161373E686DCF3405', '432B2728FBA7DA9E61373E686DCF3405', '99EB796651C3AF2C61373E686DCF3405', '2EB4813F1B687F1161373E686DCF3405', '36CC2910BEFE895B61373E686DCF3405', '16A59FCE3EF81B6961373E686DCF3405', '214EEA76AFD785D161373E686DCF3405', 'DDC3435D4308C5F961373E686DCF3405', 'DC8464CE60C998B161373E686DCF3405', '090E0A4D0E18D5FF61373E686DCF3405', 'AC63001F501C967661373E686DCF3405', 'B868994AB301291461373E686DCF3405', 'BAA1997E9AFBC74461373E686DCF3405', '83B6E7148B363E2361373E686DCF3405', 'C85494EE4884987661373E686DCF3405', '37AD9C968F8640CD61373E686DCF3405', '3FB0BABB0888C23061373E686DCF3405', 'CE978877F54D600061373E686DCF3405', '024A33B495B77EFA61373E686DCF3405', '6DD71F76572322B261373E686DCF3405', 'F0CED41B26A0922961373E686DCF3405', '58B80ABBBD68817261373E686DCF3405', 'A8155CA749075FF761373E686DCF3405', 'D007E545EFF1C29961373E686DCF3405', 'FFEF969DCFB0989761373E686DCF3405', '09D6B9A8C1D55CB661373E686DCF3405', '721316105770541261373E686DCF3405', 'B124F849A95091ED61373E686DCF3405', '9DBB6CD57A76DE0F61373E686DCF3405', '77FDD37A975D541361373E686DCF3405', '81C73ABB4460838A61373E686DCF3405', 'D05233B78827FD9361373E686DCF3405', 'DA1EC3FF923F8CE461373E686DCF3405', 'D189154EA687CB8C61373E686DCF3405', '0B9AC492CD0FD22061373E686DCF3405', 'C4AE7157E530810561373E686DCF3405', 'CA267CD38D8ADAB361373E686DCF3405', '7C27B8E511846EC061373E686DCF3405', 'A646279E7299CC7C61373E686DCF3405', '65E72958CCA73CB261373E686DCF3405', 'EEC3AC49FE47BA7361373E686DCF3405', '368F150A2F37C73E61373E686DCF3405', '851A73B068F3593561373E686DCF3405', 'F5BF20987C2F9C7761373E686DCF3405', 'DE9E78E94823CC0261373E686DCF3405', '62FDCD46DE285A1261373E686DCF3405', '22F25383D5C97FE461373E686DCF3405', '20B5C7EAB947BF6A61373E686DCF3405', '822047E9988906C761373E686DCF3405', '52DD4BAE300432B761373E686DCF3405', '1E32196F54DF3F5361373E686DCF3405', '743E972E55B6C07F61373E686DCF3405', '1849CC953BADD62161373E686DCF3405', '3D43C942945A4BC461373E686DCF3405', 'D3B0112A55478D9161373E686DCF3405', '9B428E50B25C802D61373E686DCF3405', '973E85EF6802F8FE61373E686DCF3405', '12114FF040C4F4EF61373E686DCF3405', 'F82C297A70DF7F6861373E686DCF3405', '7F537BA627D780F461373E686DCF3405', '3B217B2CDDF7D8AE61373E686DCF3405', '44BBF0FA73B6FF0661373E686DCF3405', 'DFE53E2DD670797161373E686DCF3405', '5E3ADD5E2298344D61373E686DCF3405', 'FE84E946F2D7989D61373E686DCF3405', '505CFED4FE7D019161373E686DCF3405', 'AE389B129242AF6B61373E686DCF3405', 'EB526D0BEECA107561373E686DCF3405', '7920D0D0DA76E1B061373E686DCF3405', 'D45ED0B50AEEDCD761373E686DCF3405', 'D88B1B880006AE4261373E686DCF3405', '05C8CE58BB49A84061373E686DCF3405', '810B4575E92DAD0B61373E686DCF3405', '9DEA4C6838FEE45061373E686DCF3405', '124A4941F8882CEE61373E686DCF3405', 'AA36FE548804C19261373E686DCF3405', 'A5269E0E90E29A2561373E686DCF3405', '50B46BAB9972AA6E61373E686DCF3405', 'A4AFCFA7C0440E6161373E686DCF3405', '76437B571D0EB15C61373E686DCF3405', '71C026E63BC4A2FB61373E686DCF3405', '9BEDF13B8C57EEBF61373E686DCF3405', 'D937603E3343442E61373E686DCF3405', 'E16AB4659B73724C61373E686DCF3405', '9B704589B139160F61373E686DCF3405', '011895B36B9C433061373E686DCF3405', '53B2A69B75D1AA2261373E686DCF3405', 'A0C8352B8B091C2861373E686DCF3405', 'C07E31EAD14D8AD161373E686DCF3405', 'C4D5C6B115CF9CF061373E686DCF3405', '04E8586361DDA18E61373E686DCF3405', '7B80EF2C133AAE4361373E686DCF3405', '107653C5AC564F5661373E686DCF3405', '316FCC187286DA4C61373E686DCF3405', '772B82C76B1D221261373E686DCF3405', '55E07AD68936629761373E686DCF3405', '49A813C9A931A5B961373E686DCF3405', '9367BBED626CE56B61373E686DCF3405', 'DADDC4C6434FD51A61373E686DCF3405', 'E880E893B02B1BCB61373E686DCF3405']",111,Mantenimiento
recursos humanos,"['473496BCB67548EA61373E686DCF3405', 'E594446698BF06E961373E686DCF3405', '08ED46570F76299E61373E686DCF3405', 'B68F96C706E2604E61373E686DCF3405', 'D05233B78827FD9361373E686DCF3405', '8567C2C10B98CD9F61373E686DCF3405', '4D65F486534BF85C61373E686DCF3405', '62FDCD46DE285A1261373E686DCF3405', '973E85EF6802F8FE61373E686DCF3405', 'F82C297A70DF7F6861373E686DCF3405', '0E1591033A97425461373E686DCF3405', '0762E9F09AFA55F361373E686DCF3405', '1EB123BA4B20198761373E686DCF3405', 'F678D88C125F6EAA61373E686DCF3405', '52D1BE0A2F2A971861373E686DCF3405', 'E028D752BC92477E61373E686DCF3405', 'DD0612C6975F309F61373E686DCF3405', '317299F3740FB46161373E686DCF3405', '3C53C2657EBD4C8F61373E686DCF3405']",19,Recursos humanos
internet,"['8C2A74283BBC1A2C61373E686DCF3405', '97ADC4E9C50CF76A61373E686DCF3405', 'BFDBBB3AFE6C3C2461373E686DCF3405', '393A0C788E78E14861373E686DCF3405', 'D7F6D5D79822E24061373E686DCF3405', '28676C3ACE8A454361373E686DCF3405', 'EB7C8E759E6DC14161373E686DCF3405', '5CF4AA841A9C894061373E686DCF3405', '6C53FB5866A1542961373E686DCF3405', '922BCF9344570B4261373E686DCF3405', 'EFFB85E34AB05D6261373E686DCF3405', '0B9AC492CD0FD22061373E686DCF3405', '41358760DC67475A61373E686DCF3405', 'FAB4FDF75EABCAC061373E686DCF3405', '564B37413F7D5ED661373E686DCF3405', 'CF12C49ADC41C94D61373E686DCF3405', 'DCB40FBA694492A861373E686DCF3405', '1F0EA849DB3C085C61373E686DCF3405', 'C5FCF92A7FE0851A61373E686DCF3405', 'D3B597D3B564D1CB61373E686DCF3405', '840AE592FD3FE7E061373E686DCF3405', '11F0CCB3CEBDEAE661373E686DCF3405', '7B80EF2C133AAE4361373E686DCF3405', '32D455E0C88761E261373E686DCF3405']",24,Internet
windows,"['8C2A74283BBC1A2C61373E686DCF3405', '2A810993469DDD0B61373E686DCF3405', 'E3033C3BDBD99DCB61373E686DCF3405', 'A0453062A0C420D161373E686DCF3405', '4C4D451EBF2797B061373E686DCF3405', '0B9AC492CD0FD22061373E686DCF3405', 'C4AE7157E530810561373E686DCF3405', 'EEC3AC49FE47BA7361373E686DCF3405', '1849CC953BADD62161373E686DCF3405', '3AA75BD0CC21E8B761373E686DCF3405']",10,Windows
presentaciones,"['AE9DD2E09008C94C61373E686DCF3405', 'BFDBBB3AFE6C3C2461373E686DCF3405', '393A0C788E78E14861373E686DCF3405', '47B2C4FE86E4FBD061373E686DCF3405', 'D7F6D5D79822E24061373E686DCF3405', '16E0AB7C8317368A61373E686DCF3405', 'EABDE672D81BD04D61373E686DCF3405', 'FAB2010ADACA68DF61373E686DCF3405', 'A001A775E80DB7E961373E686DCF3405', 'D8045A5D50E3004A61373E686DCF3405', '89EAA06B226EF16261373E686DCF3405', '922BCF9344570B4261373E686DCF3405', '15805F3197D9DD0F61373E686DCF3405', '38F682BFE720ACB061373E686DCF3405', '06D6712905B14E4661373E686DCF3405', '914BEAA2924DE5A561373E686DCF3405', '8A2ECFF9A66FC66661373E686DCF3405', '149DAC3C82E15F6D61373E686DCF3405', 'B3ACFD9E6FDAF93861373E686DCF3405', 'E2C15705019AFDC861373E686DCF3405', '008CD11B0CD996B661373E686DCF3405', '316FCC187286DA4C61373E686DCF3405']",22,Presentaciones
compras,"['B01D353625A50CCB61373E686DCF3405', 'B8E8C499D8999F3761373E686DCF3405', '269A4894B5BB1A1561373E686DCF3405', 'B9D18C098169FEE161373E686DCF3405', 'BC839942DB8DFC1761373E686DCF3405', 'CC7DB0F0728931B361373E686DCF3405', '0946FA796C6CEA2B61373E686DCF3405', '1060611B270F1F1461373E686DCF3405', '024A33B495B77EFA61373E686DCF3405', '6DD71F76572322B261373E686DCF3405', '5B0C86B6366AAB5E61373E686DCF3405', '801FB37047E69A5D61373E686DCF3405', 'A45D5FDD495A3D8761373E686DCF3405', 'A6B7679D30AE4E2461373E686DCF3405', '3D83F034E9701C0B61373E686DCF3405', '120BCFCE01D8E5F861373E686DCF3405', 'EE0D3376F98F484F61373E686DCF3405', 'F5BF20987C2F9C7761373E686DCF3405', '320B204A3F8FD34161373E686DCF3405', '6156A066E1C3FD5A61373E686DCF3405', 'EE93C5B797033C1C61373E686DCF3405', 'A84F06A3F87F9BE761373E686DCF3405', '8EF4AF27C04782BD61373E686DCF3405', '4CC8EE6BF4D4A3D861373E686DCF3405', '76437B571D0EB15C61373E686DCF3405', 'CD7B3DD83978CD1E61373E686DCF3405', '1A71A6786C3ADDFA61373E686DCF3405', 'BF120FCFD796E71B61373E686DCF3405']",28,Compras
inmobiliaria,"['B092064BA74CD61F61373E686DCF3405', 'A14571058A77AC9F61373E686DCF3405', '0259BB9B20E7AFF561373E686DCF3405', 'C43EC55D8F27E8EF61373E686DCF3405', 'A678F2E2A1F1677F61373E686DCF3405', 'C7D22942753BDD1461373E686DCF3405', '5FEC52BB683BC4E261373E686DCF3405']",7,Inmobiliaria
eventos,"['AC6079FBDE163BC761373E686DCF3405', 'E594446698BF06E961373E686DCF3405', 'FCD69D0B06E7244661373E686DCF3405', '69A160CA66A2B61261373E686DCF3405', '4D92DB9EF291DC9761373E686DCF3405', '0E79BDC1B7B4A9E261373E686DCF3405', 'EABDE672D81BD04D61373E686DCF3405', '3947070BA8B0EA8961373E686DCF3405', '090E0A4D0E18D5FF61373E686DCF3405', 'F760C9820D60C36661373E686DCF3405', '82EFD6CCD2475B6F61373E686DCF3405', '74BFA0B0D30B29C361373E686DCF3405', '4BC76DA7EF8445E661373E686DCF3405', '15805F3197D9DD0F61373E686DCF3405', '8A2ECFF9A66FC66661373E686DCF3405', 'EFFB85E34AB05D6261373E686DCF3405', '16958FACA18EC45061373E686DCF3405', 'AE1F8C44B5AA10D961373E686DCF3405', 'C94BE9CBD3CDDFB161373E686DCF3405', '7B7ED69D5A3C767361373E686DCF3405', 'B5D0024CCA281C8561373E686DCF3405', '3AF00F7CA47A7B8261373E686DCF3405', '7FDAA962078E9F4A61373E686DCF3405', '27DB05A8F1135BC261373E686DCF3405', 'EBE7310965E0DAF861373E686DCF3405', '66ABD920C297C82F61373E686DCF3405', 'B9ED9A253308BC1E61373E686DCF3405', '041AD06A51EFA67761373E686DCF3405', '0F559A592521EB2361373E686DCF3405', 'B6928E62804F13F461373E686DCF3405', '91CD2869D34724E961373E686DCF3405', '21C1C138A295D0B761373E686DCF3405', 'A34E1C6D3F70278661373E686DCF3405', 'B987D258B465DAF661373E686DCF3405', '527ED1D76796F80761373E686DCF3405', '4132B115E556543D61373E686DCF3405', '7D0E82FDF88FDF2461373E686DCF3405', 'FA8DBE990D91C66861373E686DCF3405', '72BE44B32266EF4B61373E686DCF3405', 'EA1D0074DB567E0261373E686DCF3405', '3D624F23EA558FBD61373E686DCF3405', 'D45ED0B50AEEDCD761373E686DCF3405', '4E9611F642BC92CC61373E686DCF3405', 'BA954E647F4C88BC61373E686DCF3405', '8317A653617C600561373E686DCF3405', 'D1C37F9748F0444061373E686DCF3405', '9D4A57A62074B24361373E686DCF3405', '485B95B7F060141061373E686DCF3405', '04E8586361DDA18E61373E686DCF3405', 'D47283613884F4B961373E686DCF3405', '14FAA3B69067695B61373E686DCF3405', '107653C5AC564F5661373E686DCF3405', '7899106291F8B44861373E686DCF3405', 'CDB9E1B3306547CA61373E686DCF3405']",54,Eventos
adobe,"['2A810993469DDD0B61373E686DCF3405', 'B269C1FA9329D4D561373E686DCF3405', '3CC96904E40B2A5F61373E686DCF3405', 'E0EABB81EBA54DC961373E686DCF3405', '2F4FDF51244B91E961373E686DCF3405', 'B788CFDD56CC2C3161373E686DCF3405', 'A001A775E80DB7E961373E686DCF3405', 'E09BD47C3CA12ED261373E686DCF3405', 'FC2DDB61308D3E6161373E686DCF3405', 'A1885FDBBCEC662761373E686DCF3405', 'D1ABD948F3643C6B61373E686DCF3405', 'A2DD2D346B06278C61373E686DCF3405', '7B3DB5CDD49B7AAB61373E686DCF3405', 'FFE9E2E2BA97E94061373E686DCF3405', '7D82C7336BEA780B61373E686DCF3405', '496BE24975622B4361373E686DCF3405', '9C45B4D23107363C61373E686DCF3405', 'B987D258B465DAF661373E686DCF3405', '84D9F53104B80FE861373E686DCF3405', '1DAFEA90BBC6B30C61373E686DCF3405', '04D4C902BA2F193B61373E686DCF3405', '125F3880E53C337F61373E686DCF3405', '9A221AF0A2FA379061373E686DCF3405']",23,Suite Adobe
c,"['2A810993469DDD0B61373E686DCF3405', '4DC95906ACB6AD8761373E686DCF3405', '65C7154923024D5161373E686DCF3405', '3CC96904E40B2A5F61373E686DCF3405', 'D466820D4671E7BF61373E686DCF3405', '8357E34AED4856C161373E686DCF3405', 'C69BEDFE9D64ABC061373E686DCF3405', '38008DE008CDFB0E61373E686DCF3405', '626319AF3951395E61373E686DCF3405', '41C6C405333622C661373E686DCF3405', '17C51503D15C5D3761373E686DCF3405', '3DA718578039B99B61373E686DCF3405', 'C53899341D9F6B9A61373E686DCF3405', 'B6E0F31668CD9F1061373E686DCF3405', '25EA5C85E294C45D61373E686DCF3405', '7771562CB7BA50B261373E686DCF3405', 'C0AC24EED5452FF661373E686DCF3405', '277C7A0377F82A4161373E686DCF3405', '7534C116959008F161373E686DCF3405', '4F498D74F8682AC361373E686DCF3405', 'BBBD9DCF1D90F65361373E686DCF3405', 'F2A5E7D6924C65B061373E686DCF3405', 'C82EE3ABF919210461373E686DCF3405', 'F5814F1427A03C9F61373E686DCF3405', '1D11F67D5102A71A61373E686DCF3405', '3CDC3807C8BED07D61373E686DCF3405', 'E0EABB81EBA54DC961373E686DCF3405', '9F0981A363DED5DF61373E686DCF3405', '57FFF5C228C8509A61373E686DCF3405', 'FEFFF7152262914661373E686DCF3405', 'EABDE672D81BD04D61373E686DCF3405', '459700F6420E28D661373E686DCF3405', 'CF3DF62B6A17B88961373E686DCF3405', 'DE95A30733A35BE861373E686DCF3405', 'A7702E56D9EBE4C561373E686DCF3405', '6DD71F76572322B261373E686DCF3405', '0C79906E9B3B57CB61373E686DCF3405', 'A8155CA749075FF761373E686DCF3405', '89EAA06B226EF16261373E686DCF3405', '4BA527121E037E5661373E686DCF3405', 'B78BC1E01D844CC761373E686DCF3405', 'CF4B6B26BB48DEAB61373E686DCF3405', '9DBB6CD57A76DE0F61373E686DCF3405', 'FC63D60B9534632A61373E686DCF3405', 'D05233B78827FD9361373E686DCF3405', '535872D3FEEE723861373E686DCF3405', '2542AA3C0D07B7C961373E686DCF3405', '649CE473630DDF8E61373E686DCF3405', '7C27B8E511846EC061373E686DCF3405', 'D4F0170AB484E9CA61373E686DCF3405', 'A646279E7299CC7C61373E686DCF3405', '65E72958CCA73CB261373E686DCF3405', '027CBBD778AFAE9861373E686DCF3405', '3AF00F7CA47A7B8261373E686DCF3405', 'EE0D3376F98F484F61373E686DCF3405', '62FDCD46DE285A1261373E686DCF3405', '7B3DB5CDD49B7AAB61373E686DCF3405', '2591321C79C900A561373E686DCF3405', '4FFFEF1AFEC4D78061373E686DCF3405', '0462FAF1426FE47961373E686DCF3405', 'BF1008DE60DEB57A61373E686DCF3405', 'D7D9248AB02F5DF361373E686DCF3405', '1F759746E78B9B5B61373E686DCF3405', 'B6928E62804F13F461373E686DCF3405', 'DCAD592965A94BF061373E686DCF3405', 'A0AEEED1BF81064B61373E686DCF3405', '6423D64825E3668761373E686DCF3405', 'FFE9E2E2BA97E94061373E686DCF3405', '8971AE3036ACAD5861373E686DCF3405', '0B0408E6801ABEDC61373E686DCF3405', '4DF7E3CCA14D4A8D61373E686DCF3405', 'D3B0112A55478D9161373E686DCF3405', '9B428E50B25C802D61373E686DCF3405', 'B772C009ED9B813861373E686DCF3405', 'F82C297A70DF7F6861373E686DCF3405', '21C1C138A295D0B761373E686DCF3405', 'AE9DEDC6BD54E02961373E686DCF3405', '9893D5A46685E41761373E686DCF3405', '59ACA6DE41FBA12E61373E686DCF3405', '4A4AEC8D4180886261373E686DCF3405', '1EB123BA4B20198761373E686DCF3405', '52D1BE0A2F2A971861373E686DCF3405', '84D9F53104B80FE861373E686DCF3405', 'D3DF052B17F5C46361373E686DCF3405', 'E980A47A8697BA5361373E686DCF3405', 'AD9951A816D40D2B61373E686DCF3405', '1D6BB56440E6E59461373E686DCF3405', '7B6865250301B3B661373E686DCF3405', '6810E8DBCE4B2F0C61373E686DCF3405', 'CD5F0A21DB985FFC61373E686DCF3405', 'FCC0C81C5CE93DE161373E686DCF3405', 'CB4220CD8965B3C461373E686DCF3405', 'F8D487CCB0422B0261373E686DCF3405', '882F29C697AE975861373E686DCF3405', '0E336C8CE8C5531F61373E686DCF3405', '1738F789D9394FD861373E686DCF3405', 'EF7C6F995739D3CC61373E686DCF3405', 'F16C7D8E0EAD868A61373E686DCF3405', '52716471CD8115D361373E686DCF3405', '278B9B891C8D59A061373E686DCF3405', 'A314991E47DB9D3461373E686DCF3405', 'A84F06A3F87F9BE761373E686DCF3405', 'E070A098586DB8EB61373E686DCF3405', '595975384A62619E61373E686DCF3405', '8EF4AF27C04782BD61373E686DCF3405', '8996EEBF57A9544861373E686DCF3405', '63141ED13C94D1A661373E686DCF3405', 'A4AFCFA7C0440E6161373E686DCF3405', 'F8E631CAC6F8238A61373E686DCF3405', '583795BF006E04E061373E686DCF3405', '6D811FFD4D836A9F61373E686DCF3405', 'A8DC7E314A98335861373E686DCF3405', 'BF4B6745796D30EE61373E686DCF3405', '7E20B4AF369D9FF961373E686DCF3405', '3C53C2657EBD4C8F61373E686DCF3405', 'DAA4AF63A26D22C261373E686DCF3405', 'C26484139150229D61373E686DCF3405', '955A5938C3D4BD2861373E686DCF3405', 'DE2F61FF2F761E0761373E686DCF3405', '3C533DAA26F392DC61373E686DCF3405', 'DF16BF9B030CC0EB61373E686DCF3405', 'A0C8352B8B091C2861373E686DCF3405', '04E8586361DDA18E61373E686DCF3405', '0B878A101697E07F61373E686DCF3405', '107653C5AC564F5661373E686DCF3405', '9367BBED626CE56B61373E686DCF3405', 'B3573FA1342262B261373E686DCF3405', '691B9DC6828E234B61373E686DCF3405']",128,c
proveedores,"['3C48B1C51B7C7A6461373E686DCF3405', 'CF2550BFBC3E9F7361373E686DCF3405', 'F631E5D0F74E8CF461373E686DCF3405', '4BFCF7D3346E569361373E686DCF3405', 'DA4BC0127D985EA761373E686DCF3405', '7E93AE7E01B47DA161373E686DCF3405', '08ED46570F76299E61373E686DCF3405', 'CADFCE656BE4E3ED61373E686DCF3405', '50FE4539BEDE0EB661373E686DCF3405', '11F23230B230F81161373E686DCF3405', '9655DCCE2731378461373E686DCF3405', 'EABDE672D81BD04D61373E686DCF3405', '0A87CBBF6B42848661373E686DCF3405', '3947070BA8B0EA8961373E686DCF3405', 'FAB2010ADACA68DF61373E686DCF3405', '813B3CC03F4F792461373E686DCF3405', 'CC7DB0F0728931B361373E686DCF3405', '9E2389260D97EFAE61373E686DCF3405', '0946FA796C6CEA2B61373E686DCF3405', 'B868994AB301291461373E686DCF3405', '1060611B270F1F1461373E686DCF3405', '024A33B495B77EFA61373E686DCF3405', '0EA1F3264447BF0B61373E686DCF3405', 'FFEF969DCFB0989761373E686DCF3405', '4C92856BAA6AE66B61373E686DCF3405', '14BDDB21AAFEB10361373E686DCF3405', '2BEB7E172184F39A61373E686DCF3405', 'A45D5FDD495A3D8761373E686DCF3405', '82FDC3CA1981395961373E686DCF3405', '490F69D01264617B61373E686DCF3405', '120BCFCE01D8E5F861373E686DCF3405', 'EE0D3376F98F484F61373E686DCF3405', '8567C2C10B98CD9F61373E686DCF3405', 'AB92F0FDE8A43E5B61373E686DCF3405', '12114FF040C4F4EF61373E686DCF3405', 'D8BE5B73EAA6793C61373E686DCF3405', 'B987D258B465DAF661373E686DCF3405', '4CC8EE6BF4D4A3D861373E686DCF3405', '11A0246D0A46871961373E686DCF3405', 'D3B597D3B564D1CB61373E686DCF3405', '36E54C858CCF7FE261373E686DCF3405', '2A1C946BCEDDAB6F61373E686DCF3405', 'B54274F74B7E866061373E686DCF3405', '14FB2D6DCFE3BFDB61373E686DCF3405', '7CCA6D5E1B69731F61373E686DCF3405', 'D54CB5710FFEA9EC61373E686DCF3405', '8DC13A376D6E54AD61373E686DCF3405', 'F0551637AAACD67761373E686DCF3405', 'C4D37F1746B5E7F361373E686DCF3405']",49,Proveedores
enfermeria,"['933FEFE69E88ACAF61373E686DCF3405', '7A2950532EC1EA7361373E686DCF3405']",2,Enfermer√≠a
gestion financiera,"['F60AD7AE88874CCB61373E686DCF3405', 'A06FD15F26D3C42961373E686DCF3405', '813B3CC03F4F792461373E686DCF3405', '8BFEF7C7574F5E6D61373E686DCF3405', 'CED5230D177F60D361373E686DCF3405', '649CE473630DDF8E61373E686DCF3405', 'ECD579B8CDFED9EA61373E686DCF3405', '0E1591033A97425461373E686DCF3405', '0762E9F09AFA55F361373E686DCF3405', 'D8BE5B73EAA6793C61373E686DCF3405', '284BE5AFCAAA813061373E686DCF3405', 'BD86E1D4AFD7B76761373E686DCF3405', '8EF4AF27C04782BD61373E686DCF3405', '75DC526A27D5EAE761373E686DCF3405', '0EC188B979B6086C61373E686DCF3405', '7CCA6D5E1B69731F61373E686DCF3405', '9524C065D9EBD77961373E686DCF3405', 'F0551637AAACD67761373E686DCF3405']",18,Gesti√≥n financiera
erp,"['F60AD7AE88874CCB61373E686DCF3405', '51F76851186672F161373E686DCF3405', 'BAFA8EF43664875A61373E686DCF3405', 'BEE5695F7B8BA75261373E686DCF3405', '9DD1A389F3C5275A61373E686DCF3405', '19097D6AFB72D7AB61373E686DCF3405', '6746BAA2FE97B15761373E686DCF3405', 'FA289305CC8AF63861373E686DCF3405', '1C530D56168F635261373E686DCF3405', '9FCB195C9643D01E61373E686DCF3405', '6A1651486F503A9561373E686DCF3405', '2C941B610931B1DA61373E686DCF3405', 'A493FA545E73D22661373E686DCF3405', 'DC203257135341E661373E686DCF3405', 'ECD579B8CDFED9EA61373E686DCF3405', '577F4ADF27AEA1C561373E686DCF3405', 'B29864F9C3F53AC261373E686DCF3405', '77A57E14619AC81761373E686DCF3405', 'DC54E073E075ECAF61373E686DCF3405', '8BF09930553EFD7D61373E686DCF3405', '135C59D4F7A091C761373E686DCF3405', '42DDD58AD43A4BEE61373E686DCF3405', '594CA3518330CE2861373E686DCF3405', 'F2DDC01C4A2A07B961373E686DCF3405', '4CCC3B1FF0D58CAB61373E686DCF3405', 'AE92AAC97394B46A61373E686DCF3405', 'E15415285F6AE05661373E686DCF3405', '195C63ADC8FBB17A61373E686DCF3405', '92AD21AEF01140B061373E686DCF3405', '11A0246D0A46871961373E686DCF3405']",30,Habilidad con ERP
diseno,"['65C7154923024D5161373E686DCF3405', 'E3033C3BDBD99DCB61373E686DCF3405', 'A0453062A0C420D161373E686DCF3405', '09D6B9A8C1D55CB661373E686DCF3405', '2BEB7E172184F39A61373E686DCF3405', '2591321C79C900A561373E686DCF3405', '95AA12B3B5A7BF7261373E686DCF3405', '444322612733A5CE61373E686DCF3405', 'C379518B061D35B761373E686DCF3405', '125F3880E53C337F61373E686DCF3405']",10,Dise√±o
r,"['65C7154923024D5161373E686DCF3405', '8DC86EF8F3B06DB861373E686DCF3405', 'BE379920D458D64961373E686DCF3405', '7F8E2D93EF4252DE61373E686DCF3405', '24F6CC5FFEB99E2A61373E686DCF3405', 'C8A60642547EE59861373E686DCF3405', '277C7A0377F82A4161373E686DCF3405', '7534C116959008F161373E686DCF3405', '678F510809DD606361373E686DCF3405', '57FFF5C228C8509A61373E686DCF3405', '8BFEF7C7574F5E6D61373E686DCF3405', 'CC7DB0F0728931B361373E686DCF3405', 'B65EF61DE946241261373E686DCF3405', '6D3DEC25FCBB609661373E686DCF3405', '4C4D451EBF2797B061373E686DCF3405', '27EE668283E8ABDE61373E686DCF3405', '8F6B72CAD1CCD97661373E686DCF3405', '67824102D3BF9C1961373E686DCF3405', '4BA527121E037E5661373E686DCF3405', 'B0A605CBCCEE9AE661373E686DCF3405', 'E4A2083C066BBA1561373E686DCF3405', '0A3B6117CCA0C03161373E686DCF3405', 'F5BF20987C2F9C7761373E686DCF3405', 'DE9E78E94823CC0261373E686DCF3405', 'FAB4FDF75EABCAC061373E686DCF3405', 'A4BB1155060086D261373E686DCF3405', '2591321C79C900A561373E686DCF3405', 'BF1008DE60DEB57A61373E686DCF3405', 'D7D9248AB02F5DF361373E686DCF3405', '6106D9B9743124BD61373E686DCF3405', 'E2F0F9A08BFD2F6161373E686DCF3405', '5FEC52BB683BC4E261373E686DCF3405', 'B772C009ED9B813861373E686DCF3405', '21C1C138A295D0B761373E686DCF3405', '99FFD93C2708418061373E686DCF3405', '05D6B700DAD4779B61373E686DCF3405', '9792A70E3014288D61373E686DCF3405', '557CC496B378B03261373E686DCF3405', 'E698092B73E34C1B61373E686DCF3405', '95AA12B3B5A7BF7261373E686DCF3405', '9EED7DD7A4E3F11961373E686DCF3405', '62D109EBBE5C3E3461373E686DCF3405', '56D994FB9C525C8261373E686DCF3405', '1D6BB56440E6E59461373E686DCF3405', '32E3D8AD26E5483161373E686DCF3405', 'FA7859A0A1D8C84461373E686DCF3405', '52716471CD8115D361373E686DCF3405', 'DB2109623096AD0F61373E686DCF3405', 'E6E96F570F6C247861373E686DCF3405', '38DDDC9B4147022261373E686DCF3405', '92C8A19BD7C0421D61373E686DCF3405', '711BF02944ABB61D61373E686DCF3405', 'BB6E98612FAB387361373E686DCF3405', '842161F1B8857D5761373E686DCF3405', '18B33257FC5ED90B61373E686DCF3405', '0FAA8A4AD7DC8B4661373E686DCF3405', 'C6FC885D6920F1C261373E686DCF3405', 'BC9C6ACFDA4ECF4061373E686DCF3405', '5B4043231F51FAB861373E686DCF3405', '2A1C946BCEDDAB6F61373E686DCF3405', 'C26484139150229D61373E686DCF3405', 'B1BAD026FF6060C861373E686DCF3405', '3612333C44BC535D61373E686DCF3405', '9F5B0F51F1DF8C0B61373E686DCF3405', 'C1AB665C0E705A3361373E686DCF3405', '7CCA6D5E1B69731F61373E686DCF3405', 'BFB61F5EB79940CE61373E686DCF3405', '2791AFD85DC0BC0961373E686DCF3405', 'DDB4629FE3C4886961373E686DCF3405', 'E36F2F68B6DD93AE61373E686DCF3405', '5AF132235906E2A761373E686DCF3405']",71,R
auditoria,"['B8E8C499D8999F3761373E686DCF3405', 'F8FEFAB34DD7861A61373E686DCF3405', 'B90439806E8E740A61373E686DCF3405', '089DFBAA496868EC61373E686DCF3405', '8EF4AF27C04782BD61373E686DCF3405', '75DC526A27D5EAE761373E686DCF3405', 'DF56F358A5C9D9CC61373E686DCF3405']",7,Auditor√≠a
programacion,"['2CB718B937AE4BC761373E686DCF3405', 'F9236CAB71F3538061373E686DCF3405', '04842614F8C5841461373E686DCF3405', 'C454C6F56ACC497E61373E686DCF3405', 'A06FD15F26D3C42961373E686DCF3405', '7F8E2D93EF4252DE61373E686DCF3405', '2E5B3EA034EFE3D661373E686DCF3405', '25EA5C85E294C45D61373E686DCF3405', '7771562CB7BA50B261373E686DCF3405', 'C8A60642547EE59861373E686DCF3405', 'CA92F79B7BC8479161373E686DCF3405', '933D477CA8C0DD4761373E686DCF3405', 'F0CED41B26A0922961373E686DCF3405', 'A8155CA749075FF761373E686DCF3405', '7C27B8E511846EC061373E686DCF3405', '8A362123ABA2305261373E686DCF3405', '6106D9B9743124BD61373E686DCF3405', 'F9C01B32D50E30A861373E686DCF3405', '1F759746E78B9B5B61373E686DCF3405', 'DCAD592965A94BF061373E686DCF3405', 'B4443AD9BB87627061373E686DCF3405', '63C96C38EDDEE4B661373E686DCF3405', '7D621BE08E4FEDDA61373E686DCF3405', 'DB7A53C14F97B84061373E686DCF3405', '4DF7E3CCA14D4A8D61373E686DCF3405', '7F537BA627D780F461373E686DCF3405', '9893D5A46685E41761373E686DCF3405', 'AD9951A816D40D2B61373E686DCF3405', '56D994FB9C525C8261373E686DCF3405', '7B6865250301B3B661373E686DCF3405', '5143676F00CFE98F61373E686DCF3405', 'CB4220CD8965B3C461373E686DCF3405', 'D85EF11F5A5926B261373E686DCF3405', 'F16C7D8E0EAD868A61373E686DCF3405', '7CB3D4C50535BB3F61373E686DCF3405', '772B82C76B1D221261373E686DCF3405']",36,Programaci√≥n/Desarrollo
comercio exterior,"['3048C48821A06BCC61373E686DCF3405', 'DD60DCF82C89D69861373E686DCF3405', '870BC98839611EF861373E686DCF3405', '79443005F45D05C361373E686DCF3405', 'B0A605CBCCEE9AE661373E686DCF3405', '67B08F2086C8B3DF61373E686DCF3405', '490F69D01264617B61373E686DCF3405', '036E33A607231A6561373E686DCF3405', 'AB92F0FDE8A43E5B61373E686DCF3405', 'C4DAA099CADC2DF661373E686DCF3405', '7CCA6D5E1B69731F61373E686DCF3405']",11,Comercio exterior
big data,"['F9236CAB71F3538061373E686DCF3405', '04842614F8C5841461373E686DCF3405', 'C82EE3ABF919210461373E686DCF3405', 'F5814F1427A03C9F61373E686DCF3405', '0462FAF1426FE47961373E686DCF3405', '8A362123ABA2305261373E686DCF3405', '63C96C38EDDEE4B661373E686DCF3405', 'A314991E47DB9D3461373E686DCF3405']",8,Big Data
backbone,"['F9236CAB71F3538061373E686DCF3405', 'C82EE3ABF919210461373E686DCF3405', 'F5814F1427A03C9F61373E686DCF3405', '8A362123ABA2305261373E686DCF3405', '63C96C38EDDEE4B661373E686DCF3405', 'A314991E47DB9D3461373E686DCF3405']",6,Backbone
html5,"['F9236CAB71F3538061373E686DCF3405', '38008DE008CDFB0E61373E686DCF3405', '24F6CC5FFEB99E2A61373E686DCF3405', '4F498D74F8682AC361373E686DCF3405', 'BBBD9DCF1D90F65361373E686DCF3405', 'F2A5E7D6924C65B061373E686DCF3405', 'C82EE3ABF919210461373E686DCF3405', 'F5814F1427A03C9F61373E686DCF3405', 'A199346FA100580461373E686DCF3405', '8A362123ABA2305261373E686DCF3405', 'E2F0F9A08BFD2F6161373E686DCF3405', '63C96C38EDDEE4B661373E686DCF3405', 'A0AEEED1BF81064B61373E686DCF3405', 'AE9DEDC6BD54E02961373E686DCF3405', '7B6865250301B3B661373E686DCF3405', '278B9B891C8D59A061373E686DCF3405', 'A314991E47DB9D3461373E686DCF3405', '63141ED13C94D1A661373E686DCF3405', '583795BF006E04E061373E686DCF3405']",19,HTML5
javascript,"['F9236CAB71F3538061373E686DCF3405', 'D466820D4671E7BF61373E686DCF3405', '38008DE008CDFB0E61373E686DCF3405', '24F6CC5FFEB99E2A61373E686DCF3405', '8FE8BBE69A5E0A3D61373E686DCF3405', '96C36171EFE7C44F61373E686DCF3405', '277C7A0377F82A4161373E686DCF3405', '7534C116959008F161373E686DCF3405', '4F498D74F8682AC361373E686DCF3405', 'F2A5E7D6924C65B061373E686DCF3405', 'C82EE3ABF919210461373E686DCF3405', 'F5814F1427A03C9F61373E686DCF3405', 'F6D2DBAEBB6D5D5A61373E686DCF3405', 'A199346FA100580461373E686DCF3405', '7C27B8E511846EC061373E686DCF3405', 'BF1008DE60DEB57A61373E686DCF3405', '8A362123ABA2305261373E686DCF3405', 'E2F0F9A08BFD2F6161373E686DCF3405', 'DCAD592965A94BF061373E686DCF3405', '63C96C38EDDEE4B661373E686DCF3405', 'A0AEEED1BF81064B61373E686DCF3405', '7F537BA627D780F461373E686DCF3405', '5E3ADD5E2298344D61373E686DCF3405', 'AE9DEDC6BD54E02961373E686DCF3405', '9893D5A46685E41761373E686DCF3405', '7B6865250301B3B661373E686DCF3405', '7AD4247EE8EFA6E761373E686DCF3405', '1738F789D9394FD861373E686DCF3405', '52716471CD8115D361373E686DCF3405', '278B9B891C8D59A061373E686DCF3405', 'A314991E47DB9D3461373E686DCF3405', '63141ED13C94D1A661373E686DCF3405', '583795BF006E04E061373E686DCF3405', '18B33257FC5ED90B61373E686DCF3405']",34,JavaScript
python,"['002FCD54B7094E7161373E686DCF3405', 'BE379920D458D64961373E686DCF3405', 'E9255719825ADB3E61373E686DCF3405', '4FBED42FA905420361373E686DCF3405', 'B6E0F31668CD9F1061373E686DCF3405', 'F3F94638D7913D4061373E686DCF3405', 'C8A60642547EE59861373E686DCF3405', 'EAC9494F5D0EA66161373E686DCF3405', 'C0AC24EED5452FF661373E686DCF3405', '3CDC3807C8BED07D61373E686DCF3405', 'F9C01B32D50E30A861373E686DCF3405', '4F38D62633D9C8D061373E686DCF3405', '7D621BE08E4FEDDA61373E686DCF3405', 'D3DF052B17F5C46361373E686DCF3405', '56D994FB9C525C8261373E686DCF3405', '1D6BB56440E6E59461373E686DCF3405', '7AD4247EE8EFA6E761373E686DCF3405', 'FA7859A0A1D8C84461373E686DCF3405', '882F29C697AE975861373E686DCF3405', 'AFE95131D12C414261373E686DCF3405', '63141ED13C94D1A661373E686DCF3405', '7E20B4AF369D9FF961373E686DCF3405']",22,Python
scrum,"['002FCD54B7094E7161373E686DCF3405', 'B6E0F31668CD9F1061373E686DCF3405', '5143676F00CFE98F61373E686DCF3405', '32E3D8AD26E5483161373E686DCF3405', 'CD5F0A21DB985FFC61373E686DCF3405', '583795BF006E04E061373E686DCF3405']",6,Scrum
testeo,"['04842614F8C5841461373E686DCF3405', 'C69BEDFE9D64ABC061373E686DCF3405', '0183134624E3212661373E686DCF3405', '2E5B3EA034EFE3D661373E686DCF3405', 'B6E0F31668CD9F1061373E686DCF3405', 'DC6E6002DE2A59D561373E686DCF3405', 'E246BD50C80539B361373E686DCF3405', '6106D9B9743124BD61373E686DCF3405', 'D645FF113990CFF961373E686DCF3405', 'DB7A53C14F97B84061373E686DCF3405', '59ACA6DE41FBA12E61373E686DCF3405', '7AD4247EE8EFA6E761373E686DCF3405', 'D85EF11F5A5926B261373E686DCF3405', '6F0C7AB97FFCCB0861373E686DCF3405']",14,Testeo/Testing
refactoring,['C454C6F56ACC497E61373E686DCF3405'],1,Refactoring
php,"['8357E34AED4856C161373E686DCF3405', '7E95DC4C54AE5E4561373E686DCF3405', 'F0CED41B26A0922961373E686DCF3405', '3FE04FDA978F202C61373E686DCF3405', '16064CE9B6E1931861373E686DCF3405', 'DCAD592965A94BF061373E686DCF3405', '7F537BA627D780F461373E686DCF3405', '63141ED13C94D1A661373E686DCF3405']",8,PHP
net,"['C69BEDFE9D64ABC061373E686DCF3405', '4F498D74F8682AC361373E686DCF3405', 'BBBD9DCF1D90F65361373E686DCF3405', 'F2A5E7D6924C65B061373E686DCF3405', '16064CE9B6E1931861373E686DCF3405', '7C27B8E511846EC061373E686DCF3405', 'E246BD50C80539B361373E686DCF3405', '0462FAF1426FE47961373E686DCF3405', 'A0AEEED1BF81064B61373E686DCF3405', 'D645FF113990CFF961373E686DCF3405', 'F8D487CCB0422B0261373E686DCF3405', '882F29C697AE975861373E686DCF3405', '278B9B891C8D59A061373E686DCF3405']",13,.Net
principios solid,"['38008DE008CDFB0E61373E686DCF3405', '626319AF3951395E61373E686DCF3405', '25EA5C85E294C45D61373E686DCF3405', '7771562CB7BA50B261373E686DCF3405', 'C0AC24EED5452FF661373E686DCF3405', '7534C116959008F161373E686DCF3405', 'BF1008DE60DEB57A61373E686DCF3405', '1F759746E78B9B5B61373E686DCF3405', '4DF7E3CCA14D4A8D61373E686DCF3405', 'FCC0C81C5CE93DE161373E686DCF3405', 'F16C7D8E0EAD868A61373E686DCF3405', '52716471CD8115D361373E686DCF3405']",12,Principios SOLID
agile,"['7F8E2D93EF4252DE61373E686DCF3405', '9A423BB4709A4F6661373E686DCF3405', 'A84BA8DFC204879261373E686DCF3405', '4AA5CF17CDBB92A561373E686DCF3405', 'D951E417EB8F55C061373E686DCF3405', '56D994FB9C525C8261373E686DCF3405', '5143676F00CFE98F61373E686DCF3405', '32E3D8AD26E5483161373E686DCF3405', '6810E8DBCE4B2F0C61373E686DCF3405', 'CD5F0A21DB985FFC61373E686DCF3405', '583795BF006E04E061373E686DCF3405']",11,Agile
aprendizaje de maquina,"['24F6CC5FFEB99E2A61373E686DCF3405', '0183134624E3212661373E686DCF3405', '2E5B3EA034EFE3D661373E686DCF3405', 'F3F94638D7913D4061373E686DCF3405', 'C8A60642547EE59861373E686DCF3405', '4F498D74F8682AC361373E686DCF3405', 'BBBD9DCF1D90F65361373E686DCF3405', 'F2A5E7D6924C65B061373E686DCF3405', '6106D9B9743124BD61373E686DCF3405', 'E2F0F9A08BFD2F6161373E686DCF3405', 'A0AEEED1BF81064B61373E686DCF3405', 'DB7A53C14F97B84061373E686DCF3405', '32E3D8AD26E5483161373E686DCF3405', 'D85EF11F5A5926B261373E686DCF3405', 'AFE95131D12C414261373E686DCF3405', '278B9B891C8D59A061373E686DCF3405']",16,Aprendizaje de m√°quina
desarrollo web,"['24F6CC5FFEB99E2A61373E686DCF3405', '0183134624E3212661373E686DCF3405', '248AF1A00C46AB7C61373E686DCF3405', 'E2F0F9A08BFD2F6161373E686DCF3405', 'AE9DEDC6BD54E02961373E686DCF3405', '18B33257FC5ED90B61373E686DCF3405']",6,Desarrollo web
css,"['24F6CC5FFEB99E2A61373E686DCF3405', '4F498D74F8682AC361373E686DCF3405', 'BBBD9DCF1D90F65361373E686DCF3405', 'F2A5E7D6924C65B061373E686DCF3405', 'A199346FA100580461373E686DCF3405', 'E2F0F9A08BFD2F6161373E686DCF3405', 'A0AEEED1BF81064B61373E686DCF3405', 'AE9DEDC6BD54E02961373E686DCF3405', '7B6865250301B3B661373E686DCF3405', '278B9B891C8D59A061373E686DCF3405', '63141ED13C94D1A661373E686DCF3405', '583795BF006E04E061373E686DCF3405']",12,CSS
java,"['24F6CC5FFEB99E2A61373E686DCF3405', 'B6E0F31668CD9F1061373E686DCF3405', '25EA5C85E294C45D61373E686DCF3405', '7771562CB7BA50B261373E686DCF3405', '3FE04FDA978F202C61373E686DCF3405', '77FDD37A975D541361373E686DCF3405', 'E2F0F9A08BFD2F6161373E686DCF3405', 'F9C01B32D50E30A861373E686DCF3405', '1F759746E78B9B5B61373E686DCF3405', 'DCAD592965A94BF061373E686DCF3405', '44374E93871718AB61373E686DCF3405', '7D621BE08E4FEDDA61373E686DCF3405', 'A84BA8DFC204879261373E686DCF3405', '4DF7E3CCA14D4A8D61373E686DCF3405', 'F42A32B8658D9D4E61373E686DCF3405', 'AD9951A816D40D2B61373E686DCF3405', '7AD4247EE8EFA6E761373E686DCF3405', 'CB4220CD8965B3C461373E686DCF3405', 'F16C7D8E0EAD868A61373E686DCF3405', '63141ED13C94D1A661373E686DCF3405']",20,Java
linux,"['0183134624E3212661373E686DCF3405', '2E5B3EA034EFE3D661373E686DCF3405', 'B6E0F31668CD9F1061373E686DCF3405', '0B9AC492CD0FD22061373E686DCF3405', 'C4AE7157E530810561373E686DCF3405', '6106D9B9743124BD61373E686DCF3405', '18B418FE9302740861373E686DCF3405', 'DB7A53C14F97B84061373E686DCF3405', '3AA75BD0CC21E8B761373E686DCF3405', 'D85EF11F5A5926B261373E686DCF3405']",10,Linux
mysql,"['DC6E6002DE2A59D561373E686DCF3405', 'F3F94638D7913D4061373E686DCF3405', 'C8A60642547EE59861373E686DCF3405', 'EAC9494F5D0EA66161373E686DCF3405', 'FA7859A0A1D8C84461373E686DCF3405', '6F0C7AB97FFCCB0861373E686DCF3405', 'AFE95131D12C414261373E686DCF3405', '63141ED13C94D1A661373E686DCF3405', '583795BF006E04E061373E686DCF3405']",9,MySQL
django,"['F3F94638D7913D4061373E686DCF3405', 'C8A60642547EE59861373E686DCF3405', 'EAC9494F5D0EA66161373E686DCF3405', 'C0AC24EED5452FF661373E686DCF3405', 'FA7859A0A1D8C84461373E686DCF3405', 'AFE95131D12C414261373E686DCF3405', '7E20B4AF369D9FF961373E686DCF3405']",7,Django
analisis de datos,"['C8A60642547EE59861373E686DCF3405', '16E0AB7C8317368A61373E686DCF3405']",2,An√°lisis de datos
node,"['8FE8BBE69A5E0A3D61373E686DCF3405', '96C36171EFE7C44F61373E686DCF3405', '277C7A0377F82A4161373E686DCF3405', '7534C116959008F161373E686DCF3405', 'F6D2DBAEBB6D5D5A61373E686DCF3405', 'BF1008DE60DEB57A61373E686DCF3405', '5E3ADD5E2298344D61373E686DCF3405', '9893D5A46685E41761373E686DCF3405', '52716471CD8115D361373E686DCF3405', '583795BF006E04E061373E686DCF3405']",10,Node
asp,"['4F498D74F8682AC361373E686DCF3405', 'A0AEEED1BF81064B61373E686DCF3405', 'F8D487CCB0422B0261373E686DCF3405']",3,ASP
laravel,"['7E95DC4C54AE5E4561373E686DCF3405', '7F537BA627D780F461373E686DCF3405']",2,Laravel
networking,"['C429A4AE8C8E5D2F61373E686DCF3405', '214EEA76AFD785D161373E686DCF3405', '0462FAF1426FE47961373E686DCF3405', 'C6A2F8A8542A506161373E686DCF3405', '112F2A0FABABE29D61373E686DCF3405']",5,Networking
inteligencia artificial,"['24C6EDEEE60392CD61373E686DCF3405', '922BCF9344570B4261373E686DCF3405', 'A2DD2D346B06278C61373E686DCF3405']",3,Inteligencia artificial
scala,"['D9E3C1716E71293461373E686DCF3405', '0A9BD94D7856D32361373E686DCF3405', 'F9C01B32D50E30A861373E686DCF3405', '7D621BE08E4FEDDA61373E686DCF3405']",4,Scala
proceso de mejora,"['DDC3435D4308C5F961373E686DCF3405', 'DC8464CE60C998B161373E686DCF3405']",2,Proceso de mejora
primeros auxilios,"['C93E4133BF00966A61373E686DCF3405', '7DE6017DF29755E961373E686DCF3405']",2,Primeros auxilios
facturacion,"['0C96439E53FBDEC761373E686DCF3405', 'A6B7679D30AE4E2461373E686DCF3405']",2,Facturaci√≥n
iso 9001,"['EB20FF22DCF721DD61373E686DCF3405', 'ECD579B8CDFED9EA61373E686DCF3405', '577F4ADF27AEA1C561373E686DCF3405']",3,Iso 9001
servidores,"['4C4D451EBF2797B061373E686DCF3405', 'FFEF969DCFB0989761373E686DCF3405', '721316105770541261373E686DCF3405', '0B9AC492CD0FD22061373E686DCF3405', '18B418FE9302740861373E686DCF3405', '1849CC953BADD62161373E686DCF3405', '3AA75BD0CC21E8B761373E686DCF3405', '62D109EBBE5C3E3461373E686DCF3405']",8,Servidores
mercadeo,"['972FA03B16E9DCAC61373E686DCF3405', '0EA1F3264447BF0B61373E686DCF3405', '4BC76DA7EF8445E661373E686DCF3405', '721316105770541261373E686DCF3405', '8A2ECFF9A66FC66661373E686DCF3405', '24267FA5D5C5BA1761373E686DCF3405', '3E81C3BFE63CD50E61373E686DCF3405', '7C44D0C77D874C0661373E686DCF3405', '01D966FBD0078B0261373E686DCF3405', 'BA954E647F4C88BC61373E686DCF3405', 'CDD521FE7276976961373E686DCF3405', 'F8BC16DE9945ED0A61373E686DCF3405', '127DC570BD6524CD61373E686DCF3405']",13,Mercadeo
seo,"['248AF1A00C46AB7C61373E686DCF3405', 'A659B498648A20BB61373E686DCF3405', 'C6A2F8A8542A506161373E686DCF3405', '04C7ECD2BBEDFCFF61373E686DCF3405', '112F2A0FABABE29D61373E686DCF3405']",5,SEO
wordpress,"['A659B498648A20BB61373E686DCF3405', '3FEF4FF2F44B064461373E686DCF3405', 'F6D2DBAEBB6D5D5A61373E686DCF3405', '18B418FE9302740861373E686DCF3405', '62D109EBBE5C3E3461373E686DCF3405']",5,Wordpress
electronica,"['72F60E008010D46261373E686DCF3405', 'A6B7679D30AE4E2461373E686DCF3405', '6A4A156A1918485A61373E686DCF3405']",3,Electr√≥nica
habilidad comercial,['922BCF9344570B4261373E686DCF3405'],1,Habilidad comercial
realidad aumentada,['09D6B9A8C1D55CB661373E686DCF3405'],1,Realidad aumentada
computacion en la nube,['0B9AC492CD0FD22061373E686DCF3405'],1,Computaci√≥n en la nube
ciberseguridad,['6E958E20F46CCD7A61373E686DCF3405'],1,Ciberseguridad
desarrollo de producto,"['D7D9248AB02F5DF361373E686DCF3405', '3E5F6ACC10D4201C61373E686DCF3405']",2,Desarrollo de producto
angularjs,['DCAD592965A94BF061373E686DCF3405'],1,Angular
direccion,['D25F0473FFDA9DDB61373E686DCF3405'],1,Direcci√≥n
planificacion,"['D25F0473FFDA9DDB61373E686DCF3405', 'FD82E2DA0D031BE761373E686DCF3405']",2,Planificaci√≥n
ingenieria,"['6A4A156A1918485A61373E686DCF3405', 'A02F03E9963A3AC061373E686DCF3405', 'C07E31EAD14D8AD161373E686DCF3405', 'DADDC4C6434FD51A61373E686DCF3405', '40544C6EF0EE86E261373E686DCF3405']",5,Ingenier√≠a
arcgis,['95AA12B3B5A7BF7261373E686DCF3405'],1,ArcGis
swift,['AD9951A816D40D2B61373E686DCF3405'],1,Swift
jquery,['7B6865250301B3B661373E686DCF3405'],1,JQuery
mejora del rendimiento,['284BE5AFCAAA813061373E686DCF3405'],1,Mejora del rendimiento
prototype,['5143676F00CFE98F61373E686DCF3405'],1,Prototype
asesoria comercial,['E5F8FC9295F3B4BB61373E686DCF3405'],1,Asesor√≠a comercial
edicion,['04D4C902BA2F193B61373E686DCF3405'],1,Edici√≥n
promocion,['F8BC16DE9945ED0A61373E686DCF3405'],1,Promoci√≥n
construccion,['9CD2DF1D97B871EB61373E686DCF3405'],1,Construcci√≥n
